class,Elevation,Slope,Aspect,Curvature,TWI,Distance_to_Rivers,Annual_Rainfall,Event_Rainfall,NDVI,LULC
1,2908.0,31.367994,169.25516,-8.0,1.1864012,4867.9565,805.8133,219.01735,0.5897133,20.0
1,2220.0,13.946957,281.27673,5.0,2.7752125,5018.615,902.5543,238.02489,0.7749839,10.0
1,2230.0,18.475597,219.17871,15.0,2.7026992,4463.6533,805.8133,219.01735,0.7659085,10.0
1,2527.0,38.86425,245.04955,-6.0,0.9077416,4463.149,805.8133,219.01735,0.6331145,20.0
1,1607.0,0.0,-0.0,0.0,9.305651,1170.0,751.98224,191.77068,-0.1265823,80.0
1,1608.0,1.3133699,45.08411,2.0,4.831375,827.58685,836.44116,207.78252,-0.2693032,80.0
1,1609.0,4.731954,281.27744,7.0,5.1876535,750.0,797.48804,219.417,-0.08876561,80.0
1,1610.0,1.3133798,45.084538,-2.0,5.1190495,1080.0,836.44116,207.78252,-0.11739395,80.0
1,1661.0,2.9313073,18.486652,-6.0,4.051177,2102.784,865.9045,203.44125,0.3028307,30.0
1,1637.0,1.8599029,90.0,1.0,4.495633,2202.2942,865.9045,203.44125,0.39921427,40.0
1,1593.0,2.0779688,243.50311,18.0,7.139357,894.986,863.88776,196.77992,0.34323567,40.0
1,1646.0,2.7802885,-0.0,-8.0,3.6976516,1771.0166,864.6236,198.31412,0.32244298,40.0
1,1620.0,1.3133295,225.08235,-4.0,4.831404,1399.4285,776.1235,175.03932,0.5053923,10.0
1,1664.0,2.7802885,-0.0,5.0,4.1031165,2924.8076,864.6236,198.31412,0.46129814,40.0
1,1658.0,2.9381309,251.61522,-8.0,4.0488925,3144.2805,864.6236,198.31412,0.21334559,40.0
1,1810.0,2.7802885,-0.0,2.0,3.6976516,2979.6812,765.72406,233.42726,0.57652867,40.0
1,1832.0,2.0743136,333.36392,6.0,3.9840715,3200.3125,774.91144,242.72476,0.19637688,40.0
1,1777.0,4.632491,323.04532,3.0,4.8985796,1731.7043,756.01904,223.40785,0.226605,40.0
1,1775.0,4.6324253,36.95359,9.0,3.5993104,2214.7234,765.72406,233.42726,0.39265117,30.0
1,1817.0,2.9313295,341.51205,-6.0,3.6457043,2269.9119,765.72406,233.42726,0.42227075,40.0
1,1825.0,3.8295908,76.00543,-2.0,4.298588,3462.3691,774.91144,242.72476,0.5079098,20.0
1,1412.0,7.626708,103.99184,4.0,3.101812,1400.0714,718.3021,213.8039,0.5277968,10.0
1,1417.0,5.6240807,170.50687,-5.0,4.872796,2185.063,718.3021,213.8039,0.49004543,10.0
1,1415.0,7.3788605,180.0,-1.0,2.7295127,2322.628,718.3021,213.8039,0.38521498,40.0
1,1397.0,0.0,-0.0,0.0,7.6009026,782.30426,718.3021,213.8039,0.009523801,80.0
1,1397.0,0.0,-0.0,0.0,7.6009026,914.385,718.3021,213.8039,0.015479892,80.0
1,1588.0,2.9314387,341.50565,-5.0,4.0511327,2232.3306,623.5808,160.96967,0.26975015,20.0
1,1500.0,3.8192673,345.91644,1.0,3.7904296,2312.3364,623.5808,160.96967,0.24868979,30.0
1,1625.0,27.177216,108.37822,1.0,1.3578477,2943.3655,641.20184,183.36752,0.53056496,20.0
1,1542.0,0.9304289,270.0,-8.0,10.615852,0.0,604.7913,157.75261,0.24388959,30.0
1,1571.0,2.9313731,341.5095,9.0,3.6456897,2877.0298,632.4218,130.49615,0.305416,40.0
1,1589.0,4.7191777,11.34525,-13.0,3.1754339,3157.8474,616.41516,158.60466,0.31911042,20.0
1,1523.0,4.9958153,68.261826,14.0,3.5243251,2601.884,616.41516,158.60466,0.20984082,30.0
1,1544.0,4.9958305,248.2619,-2.0,3.118857,2485.659,616.41516,158.60466,0.38461542,40.0
1,1566.0,7.4528995,299.66824,7.0,3.1249585,1642.3458,592.8851,133.22314,0.33061922,20.0
1,1525.0,5.862001,108.38115,1.0,3.3651576,1846.6456,592.8851,133.22314,0.47065276,20.0
1,1620.0,0.9302676,90.0,1.0,7.8448486,1100.6362,694.4406,211.00421,0.5407516,40.0
1,1803.0,4.6324625,143.04579,1.0,3.1938374,2147.673,841.79974,240.31903,0.49959165,40.0
1,1770.0,8.258069,63.50383,-6.0,2.6163588,2333.4524,774.3962,187.70503,0.3924192,40.0
1,1720.0,8.243398,153.36572,1.0,3.3112965,1523.2202,774.3962,187.70503,0.32533646,40.0
1,1618.0,5.9284935,128.57587,5.0,2.9484425,1738.1887,626.6173,140.7237,0.33134267,30.0
1,1591.0,4.719137,191.34279,1.0,3.1754425,1780.8987,626.6173,140.7237,0.49524063,20.0
1,1572.0,4.15059,116.49617,1.0,4.218977,1272.7922,626.6173,140.7237,0.23208821,30.0
1,1407.0,0.93050516,270.0,3.0,6.0063286,1480.0676,757.74786,232.33414,0.22603345,40.0
1,1397.0,0.0,-0.0,0.0,8.294049,1201.499,757.74786,232.33414,0.10323212,60.0
1,1397.0,0.0,-0.0,0.0,9.1049795,1110.0,757.74786,232.33414,0.129243,80.0
1,1398.0,1.3136092,225.09451,-4.0,4.425735,806.10175,718.3021,213.8039,0.16902313,80.0
1,1544.0,1.3135737,225.09297,-6.0,5.678524,573.1492,604.7913,157.75261,0.22282489,10.0
1,1540.0,2.0743804,206.63974,12.0,5.236803,445.98206,604.7913,157.75261,0.28201476,30.0
1,1550.0,2.0784576,296.49017,-1.0,7.1601815,721.2489,597.91626,152.84787,0.3194989,40.0
1,1530.0,5.2406063,134.90645,1.0,3.4767644,530.75415,597.91626,152.84787,0.354279,40.0
1,1538.0,2.0743709,153.36078,1.0,4.3895097,630.0,652.56104,150.73811,0.3174984,40.0
1,1572.0,2.0783503,296.49164,3.0,4.387643,2970.606,616.41516,158.60466,0.32840574,40.0
1,1501.0,2.0783162,116.49211,2.0,4.8984847,1520.855,616.41516,158.60466,0.3450078,20.0
1,1485.0,0.93036157,90.0,2.0,7.4278593,912.41437,616.41516,158.60466,0.3460657,40.0
1,1505.0,4.151189,296.49203,-6.0,3.3025434,1781.909,616.41516,158.60466,0.38026905,40.0
1,1511.0,2.789195,270.0,5.0,5.1985903,2568.988,616.41516,158.60466,0.4138405,40.0
1,1504.0,0.9304205,270.0,0.0,6.768554,1020.0,652.56104,150.73811,0.3265636,40.0
1,1500.0,2.6257803,134.90675,-1.0,4.4468718,785.1751,652.56104,150.73811,0.30670473,40.0
1,1559.0,4.995986,291.7374,-5.0,3.8119733,1827.0468,646.05927,184.97876,0.31604397,40.0
1,1572.0,7.3788605,180.0,-3.0,3.1349778,2460.0,645.7947,177.39412,0.3100616,40.0
1,1697.0,5.9252286,321.24872,3.0,2.948992,3743.274,645.7947,177.39412,0.44960684,20.0
1,1590.0,12.18903,13.035286,-13.0,2.2209718,2016.9283,645.7947,177.39412,0.25777873,30.0
1,1546.0,7.626304,103.9926,0.0,3.6126907,2683.2815,645.7947,177.39412,0.21240148,30.0
1,1543.0,11.955266,94.38459,4.0,2.2408285,1590.0,619.19604,185.47014,0.35109073,20.0
1,1532.0,1.8607421,270.0,-2.0,5.9615326,1034.4564,658.2888,175.57645,0.30784354,40.0
1,1548.0,2.0744572,153.35603,1.0,5.998907,1560.0,687.23157,196.55284,0.21926972,40.0
1,1586.0,4.6374807,233.22417,-7.0,3.1927633,361.24783,687.23157,196.55284,0.2297092,30.0
1,1562.0,4.1520424,243.51385,5.0,3.30234,646.2198,658.2888,175.57645,0.26331422,40.0
1,1559.0,2.0787575,296.48605,-22.0,4.387452,1980.2273,656.3895,175.11884,0.17600659,40.0
1,1567.0,1.8607376,270.0,10.0,4.78288,2504.5957,656.3895,175.11884,0.22145692,40.0
1,1482.0,0.92740995,180.0,8.0,5.4498515,2130.0,603.1331,163.38403,0.21957918,40.0
1,1465.0,4.9844303,21.868711,-1.0,4.2197394,1950.2307,663.7811,170.75836,0.26026827,40.0
1,1439.0,1.8606234,270.0,-4.0,4.0897923,1341.6407,663.7811,170.75836,0.32506886,40.0
1,1424.0,4.733926,281.27267,-6.0,3.577802,1183.385,712.7693,202.38109,0.20131692,40.0
1,1455.0,3.8192465,345.9177,7.0,4.483582,2001.2496,712.7693,202.38109,0.34583822,40.0
1,1467.0,3.7047918,-0.0,-2.0,4.331317,2096.1394,712.7693,202.38109,0.26135063,40.0
1,1465.0,1.8543341,-0.0,10.0,4.498544,1721.54,712.7693,202.38109,0.2345411,40.0
1,1431.0,1.3136631,314.90314,-6.0,4.831161,1209.3386,735.0442,202.7543,0.25782496,40.0
1,1451.0,2.0744379,333.3571,3.0,3.9840133,1740.0,735.0442,202.7543,0.21782178,40.0
1,1435.0,2.7897043,90.0,0.0,5.566136,1647.5436,712.7693,202.38109,0.19778933,40.0
1,1499.0,0.92740995,180.0,3.0,4.7567043,2881.406,735.0442,202.7543,0.26055476,40.0
1,1573.0,2.9314349,161.50587,8.0,3.645669,2564.2544,712.7693,202.38109,0.30954677,40.0
1,1575.0,0.930607,270.0,0.0,4.7534623,2278.8154,761.1299,214.01933,0.2238683,40.0
1,1582.0,3.7175374,90.0,3.0,3.4116347,2397.749,761.1299,214.01933,0.2048399,40.0
1,1450.0,2.7802885,-0.0,-3.0,4.7962637,1650.0,603.1331,163.38403,0.22178525,40.0
1,1413.0,2.931383,161.50893,11.0,5.8429112,700.35706,650.98444,182.9908,0.3415208,40.0
1,1438.0,4.7333393,101.274086,-18.0,3.865607,1272.7922,650.98444,182.9908,0.3334321,30.0
1,1789.0,2.7802885,-0.0,-3.0,3.6976516,3757.672,750.4868,222.71527,0.2269884,40.0
1,1732.0,3.347645,236.39359,11.0,5.460937,1194.3617,750.4868,222.71527,0.23157485,40.0
1,1743.0,2.625675,314.90906,0.0,4.8523765,2107.9136,750.4868,222.71527,0.3872813,40.0
1,1770.0,1.3135175,45.090527,-1.0,4.425802,1703.9366,750.4868,222.71527,0.2782194,30.0
1,1775.0,2.9387507,71.61924,-10.0,3.64322,2500.8198,774.91144,242.72476,0.25439325,40.0
1,1541.0,0.0,-0.0,-4.0,7.6009026,630.71387,597.91626,152.84787,0.30735236,40.0
1,1572.0,2.0743544,153.36168,-2.0,5.59349,570.0,610.9868,150.14279,0.2756905,40.0
1,1603.0,3.3476548,123.6063,0.0,3.515024,624.2596,620.0593,128.74336,0.39613736,40.0
1,1610.0,0.0,-0.0,0.0,8.699514,986.81305,610.9868,150.14279,0.3565328,40.0
1,1541.0,17.236374,95.989944,13.0,2.553461,420.0,610.9868,150.14279,0.38113207,20.0
1,1564.0,2.0743568,206.63844,8.0,5.593489,2430.0,610.9868,150.14279,0.3678945,40.0
1,1549.0,3.8192005,194.07956,-2.0,3.3849816,1961.0457,610.9868,150.14279,0.31396112,40.0
1,1515.0,3.3478072,236.39543,-2.0,7.540331,30.0,598.258,161.24826,0.3904618,40.0
1,1506.0,1.3135619,134.90753,5.0,8.528413,276.58633,598.258,161.24826,0.4198644,40.0
1,1488.0,2.9313703,161.50967,5.0,7.201039,84.85281,611.82916,155.64297,0.3198337,40.0
1,1466.0,2.7892275,270.0,2.0,7.383381,60.0,669.65265,185.89183,0.31051734,40.0
1,1503.0,3.3477132,236.39436,3.0,6.693061,218.40329,611.82916,155.64297,0.2575605,30.0
1,1525.0,2.931377,198.49072,-1.0,8.824659,30.0,652.56104,150.73811,0.3526267,40.0
1,1551.0,3.3436985,326.22318,-9.0,7.8792877,42.426407,652.56104,150.73811,0.18663596,40.0
1,1572.0,2.0785224,296.4893,-1.0,4.3875623,84.85281,658.63416,182.21928,0.45768788,20.0
1,1580.0,4.637065,306.7797,1.0,3.1928523,966.0745,632.4218,130.49615,0.3017145,40.0
1,1502.0,2.0743897,333.35974,-1.0,8.267622,30.0,652.56104,150.73811,0.26201698,40.0
1,1524.0,0.92740995,-0.0,5.0,8.754905,67.08204,647.05115,161.81148,0.39725408,20.0
1,1581.0,2.9313486,341.51093,4.0,8.156557,120.0,627.7411,157.22562,0.30174696,80.0
1,1565.0,1.3135248,225.09085,-8.0,9.242038,30.0,621.24445,91.9427,0.3195122,40.0
1,1554.0,2.7802885,-0.0,-1.0,8.766556,84.85281,620.0593,128.74336,0.23522314,40.0
1,1632.0,6.664497,146.22678,4.0,6.5328355,60.0,627.7411,157.22562,0.4878429,20.0
1,1585.0,1.8543341,180.0,4.0,8.170616,42.426407,620.0593,128.74336,0.30235747,20.0
1,1540.0,2.9313695,198.4903,4.0,7.922357,120.0,620.0593,128.74336,-0.20348333,80.0
1,1585.0,4.1516266,116.48901,13.0,6.783679,210.0,658.63416,182.21928,0.20709604,30.0
1,1592.0,2.6258566,314.9051,-10.0,3.7536962,1050.0,658.63416,182.21928,0.2781457,40.0
1,1613.0,1.3136266,45.095276,1.0,4.4257226,1868.6893,641.20184,183.36752,0.29476953,40.0
1,1592.0,3.347972,303.6027,-4.0,3.5149307,3824.2646,641.20184,183.36752,0.32224187,40.0
1,1570.0,1.3136007,134.90585,5.0,6.95147,3160.8384,604.7913,157.75261,0.36643836,20.0
1,1548.0,2.7894258,270.0,-5.0,5.7093344,1060.6602,597.91626,152.84787,0.28434068,40.0
1,1560.0,1.3136113,314.9054,-3.0,4.8311987,2040.4412,610.4297,169.07562,0.22168446,40.0
1,1560.0,4.151424,296.49042,-3.0,3.7079525,1888.0942,604.7913,157.75261,0.27742577,40.0
1,1549.0,0.92740995,180.0,2.0,6.009467,466.6905,604.7913,157.75261,0.29668117,40.0
1,1575.0,1.3135761,134.90692,2.0,4.8312244,1675.9773,632.4218,130.49615,0.38680625,40.0
1,1567.0,1.3135759,314.90692,11.0,4.8312244,1266.0569,632.4218,130.49615,0.32557562,40.0
1,1559.0,3.7047918,-0.0,1.0,4.1081734,2142.6387,632.4218,130.49615,0.2232264,40.0
1,1562.0,0.930393,90.0,1.0,5.6699696,2402.4363,616.41516,158.60466,0.27197123,30.0
1,1577.0,6.550296,98.10443,-16.0,2.8488228,2418.6772,616.41516,158.60466,0.42811266,10.0
1,1573.0,2.7893875,90.0,-3.0,3.6944451,2144.1082,646.05927,184.97876,0.30644315,40.0
1,1554.0,7.436017,172.85179,-3.0,3.1272345,1634.6559,646.05927,184.97876,0.28939828,20.0
1,1447.0,1.3137739,225.10168,4.0,5.678378,1848.5941,632.1161,164.03036,0.20559113,40.0
1,1422.0,3.8312683,256.01172,0.0,4.4804764,2794.0293,680.9028,187.04178,0.20258981,40.0
1,1392.0,3.9358919,134.89714,5.0,5.957922,1475.8048,652.4482,175.85983,0.22048648,40.0
1,1378.0,2.0745292,153.35205,-5.0,5.4880476,997.2462,652.4482,175.85983,0.23053831,40.0
1,1522.0,3.7047918,180.0,0.0,3.4150264,2623.7568,658.2888,175.57645,0.22539426,40.0
1,1442.0,4.633198,143.03366,4.0,3.19368,2057.79,633.4219,161.57272,0.2369311,40.0
1,1426.0,1.8608521,270.0,11.0,4.78282,1770.0,633.4219,161.57272,0.24097356,40.0
1,1487.0,1.8543341,180.0,-3.0,5.345842,1566.046,633.4219,161.57272,0.27507406,30.0
1,1587.0,3.3438907,326.21823,-2.0,3.5161326,2219.3918,623.5808,160.96967,0.21649083,40.0
1,1543.0,4.996926,291.73306,-3.0,3.5241044,725.6032,658.2888,175.57645,0.28153747,30.0
1,1612.0,3.3435087,33.77196,-8.0,4.2093925,1824.8287,817.2157,242.30457,0.24384658,40.0
1,1603.0,2.625583,134.91106,9.0,4.1592636,1448.1022,817.2157,242.30457,0.42196232,30.0
1,1601.0,1.8543341,180.0,-2.0,4.093079,1527.3507,817.2157,242.30457,0.27359387,40.0
1,1584.0,2.9313316,198.48807,-1.0,4.744316,1261.7844,812.3086,231.45877,0.3710336,40.0
1,1571.0,2.078069,116.495514,-3.0,3.9823098,84.85281,621.74994,188.50443,0.29164955,80.0
1,1588.0,4.984211,21.862387,4.0,3.121171,1187.9395,628.09436,191.40013,0.35632184,40.0
1,1578.0,2.625538,134.91203,1.0,3.7538152,954.82983,621.74994,188.50443,0.31403762,40.0
1,1617.0,2.6255789,45.088852,15.0,4.852412,870.0,632.62286,176.06828,0.55109835,20.0
1,1713.0,1.313476,225.08871,3.0,5.1189795,1633.5544,713.379,212.15216,0.3654822,40.0
1,1722.0,4.7191606,168.65579,-9.0,3.1754375,381.83768,713.379,212.15216,0.30332637,40.0
1,1678.0,4.6364126,306.78574,3.0,3.5984569,420.0,718.2356,223.7315,0.32995468,30.0
1,1682.0,2.0743108,333.3641,3.0,3.984073,480.0,713.379,212.15216,0.4671521,40.0
1,1850.0,1.3134817,314.91104,1.0,4.425828,3748.92,774.91144,242.72476,0.2287198,30.0
1,1768.0,2.0743086,333.36423,-2.0,4.900365,1148.2595,756.01904,223.40785,0.21302274,40.0
1,1579.0,2.9385633,71.61802,4.0,4.3364296,2135.2751,622.1917,122.01419,0.4441461,40.0
1,1564.0,2.078103,116.49505,5.0,4.3877587,1530.0,622.1917,122.01419,0.21845752,20.0
1,1539.0,3.7160425,270.0,-7.0,8.780341,150.0,622.1917,122.01419,0.23216122,30.0
1,1612.0,13.548963,317.63898,11.0,2.112036,1527.3507,629.70197,145.82762,0.43680295,20.0
1,1543.0,9.205186,216.95459,7.0,3.42309,1733.2628,629.70197,145.82762,0.3429864,30.0
1,1501.0,5.3965836,148.95793,-6.0,3.735262,840.5355,618.3032,190.81038,0.26419753,30.0
1,1515.0,7.4530897,60.332592,-12.0,2.7194676,1273.4991,618.3032,190.81038,0.28334463,30.0
1,1520.0,7.943938,234.54753,4.0,2.6553876,1382.9316,615.0279,187.35516,0.31435144,20.0
1,1575.0,2.7802885,180.0,7.0,3.6976516,1620.0,629.70197,145.82762,0.31785798,40.0
1,1570.0,2.9313247,341.51233,-8.0,3.645706,1056.8348,614.0869,145.33093,0.31491712,20.0
1,1569.0,3.3474407,56.39126,6.0,3.5150871,1637.6813,614.0869,145.33093,0.31380755,20.0
1,1527.0,5.92881,231.42659,1.0,3.3538542,2870.1394,611.83514,154.27658,0.4917995,20.0
1,1566.0,2.078167,116.49416,-2.0,3.9822638,1678.3921,592.8851,133.22314,0.5603945,40.0
1,1574.0,2.7888234,90.0,9.0,3.6946435,806.10175,622.1917,122.01419,0.37848222,40.0
1,1660.0,7.625294,103.994514,0.0,3.101998,2176.8096,592.8851,133.22314,0.42521992,40.0
1,1805.0,5.92477,141.25429,-4.0,3.6422162,1865.315,841.79974,240.31903,0.49294212,20.0
1,1726.0,12.188918,166.96704,26.0,4.3610473,873.61316,694.4406,211.00421,0.5916755,20.0
1,1937.0,5.6240416,189.49072,10.0,4.610439,2248.3994,805.8133,219.01735,0.46664962,40.0
1,1682.0,3.343474,213.77107,17.0,4.432546,1574.9286,628.09436,191.40013,0.51338315,20.0
1,1598.0,3.343504,213.77184,-12.0,3.5162466,1442.4978,595.6812,164.96144,0.36159146,40.0
1,1539.0,2.7884028,90.0,1.0,5.486551,750.0,678.56647,166.41734,0.519455,40.0
1,1527.0,0.92740995,-0.0,9.0,9.596947,42.426407,678.56647,166.41734,0.27311626,30.0
1,1530.0,2.931275,198.48476,-4.0,3.6457226,450.0,678.56647,166.41734,0.7431341,10.0
1,1533.0,2.6253376,225.0836,4.0,3.75389,690.0,678.56647,166.41734,0.35734597,20.0
1,1696.0,1.3133719,225.0842,3.0,6.3718185,1797.2479,699.529,183.24785,0.43421847,40.0
1,1883.0,6.5303154,8.153851,13.0,4.355955,4022.7976,925.56116,230.97346,0.39360043,40.0
1,1660.0,47.00029,154.91925,50.0,1.5386257,1442.4978,676.90576,185.35197,0.30250826,30.0
1,1531.0,0.0,-0.0,0.0,8.294049,827.58685,676.90576,185.35197,0.04131735,80.0
1,1531.0,0.0,-0.0,0.0,10.203592,1187.9395,673.04,186.17851,0.103641436,80.0
1,1531.0,0.0,-0.0,0.0,8.517193,975.8074,676.90576,185.35197,0.11693084,80.0
1,1537.0,2.931292,198.48575,-9.0,10.340279,0.0,690.8675,191.67844,0.103818856,80.0
1,1542.0,0.9301595,270.0,-3.0,4.7539153,840.0,690.8675,191.67844,0.4954135,30.0
1,1537.0,0.0,-0.0,0.0,14.255699,210.0,690.8675,191.67844,-0.00531912,80.0
1,1781.0,0.93022066,90.0,2.0,4.7538533,2188.3555,718.2356,223.7315,0.26149926,40.0
1,1783.0,2.0780752,296.49542,5.0,3.982307,2227.4873,765.72406,233.42726,0.24968942,40.0
1,1750.0,11.09443,65.62159,36.0,2.7227008,782.30426,765.72406,233.42726,0.3691756,40.0
1,1704.0,2.0780382,63.504063,0.0,6.8445253,1325.4434,749.7033,216.59015,0.4195745,40.0
1,1696.0,3.8293123,103.995605,0.0,3.787834,2329.9785,749.7033,216.59015,0.14420876,40.0
1,1658.0,6.2118983,296.4982,-6.0,3.5949805,2100.0,751.98224,191.77068,0.39340192,20.0
1,1568.0,2.0780783,296.4954,5.0,3.9823055,67.08204,621.74994,188.50443,0.27983066,40.0
1,1776.0,3.3473737,123.609505,7.0,4.613719,2165.41,765.72406,233.42726,0.38032305,30.0
1,1764.0,6.530327,351.84543,20.0,2.851876,1233.2883,765.72406,233.42726,0.35525566,40.0
1,1720.0,2.9384208,71.617096,13.0,3.64333,2495.5962,756.01904,223.40785,0.266752,40.0
1,1728.0,2.9384649,251.61739,2.0,4.0487804,1194.3617,756.01904,223.40785,0.24610591,40.0
1,1556.0,0.92740995,-0.0,-3.0,4.7567043,530.75415,622.1917,122.01419,0.39506173,40.0
1,1547.0,3.347322,56.389904,6.0,3.515122,600.0,622.1917,122.01419,0.44752583,40.0
1,1617.0,1.313418,225.0862,-6.0,4.83134,1958.9794,797.48804,219.417,0.273843,40.0
1,1632.0,5.239822,314.91504,17.0,4.863208,2022.4984,797.48804,219.417,0.3212766,40.0
1,1676.0,0.92740995,180.0,-3.0,5.4498515,3012.275,791.024,202.88454,0.34950322,40.0
1,1679.0,3.8292055,103.996,-5.0,4.7686906,2155.4119,791.024,202.88454,0.19171779,40.0
1,1643.0,2.6253939,45.084824,5.0,4.159334,551.5433,865.9045,203.44125,0.21937093,40.0
1,1616.0,1.8543341,-0.0,5.0,4.7862263,3180.0,853.72614,184.01015,0.32015538,40.0
1,1591.0,1.8597543,270.0,2.0,5.47654,2442.376,853.72614,184.01015,0.37400085,40.0
1,1615.0,1.8597625,270.0,-2.0,5.006532,2880.0,853.72614,184.01015,0.36353734,40.0
1,1670.0,2.938121,288.38486,11.0,4.3365774,2550.0,864.6236,198.31412,0.30131003,40.0
1,1630.0,3.343474,326.22894,-7.0,4.9025497,534.1348,790.60474,227.21303,0.43296796,40.0
1,1612.0,1.8599274,270.0,0.0,4.4956207,1674.0968,797.48804,219.417,0.25252822,40.0
1,1627.0,0.93004537,270.0,-9.0,5.1594963,1484.9242,727.1607,168.19243,0.28788224,40.0
1,1641.0,0.0,-0.0,1.0,9.740969,573.1492,724.30896,163.16455,0.2773777,40.0
1,1692.0,5.239324,134.9205,-6.0,3.0715427,2606.5496,724.30896,163.16455,0.430848,20.0
1,1684.0,5.927708,128.58195,-1.0,3.3540397,1681.071,775.12537,170.34435,0.2938727,20.0
1,1639.0,2.077655,243.4988,7.0,7.2406006,429.53464,733.26953,111.38094,0.37236255,30.0
1,1580.0,2.0742102,333.36966,-7.0,4.9004107,600.0,853.42535,174.28186,0.50322384,40.0
1,1619.0,5.639059,99.43594,-4.0,2.998344,1654.6299,853.42535,174.28186,0.35459334,40.0
1,1640.0,2.6252677,225.08208,2.0,4.4470634,2925.423,853.42535,174.28186,0.39314803,40.0
1,1586.0,2.6254122,314.91476,1.0,4.159327,530.75415,863.88776,196.77992,0.32380396,40.0
1,1642.0,2.0780244,296.49612,3.0,3.9823308,2948.101,863.88776,196.77992,0.35518292,40.0
1,1577.0,3.7047918,180.0,-8.0,4.331317,690.0,745.95416,231.05583,0.43858737,80.0
1,1620.0,3.9352355,225.0933,3.0,3.3553972,331.36084,763.6578,239.95145,0.33247536,80.0
1,1620.0,3.8301513,283.99246,7.0,7.7704096,192.09373,763.6578,239.95145,-0.25474522,80.0
1,1621.0,3.716855,90.0,5.0,3.411816,296.98486,763.6578,239.95145,-0.13305107,80.0
1,1620.0,2.6257927,45.093513,1.0,6.1960673,496.58835,763.6578,239.95145,-0.20028512,80.0
1,1625.0,1.3135763,45.093086,2.0,6.217519,381.83768,763.6578,239.95145,0.3283161,30.0
1,1621.0,3.9352324,45.093266,5.0,5.060146,466.6905,763.6578,239.95145,0.3411106,80.0
1,1698.0,0.9303995,270.0,7.0,4.7536726,975.8074,762.7166,249.04008,0.39641318,30.0
1,1673.0,2.074363,26.638779,0.0,7.2798853,254.55844,762.7166,249.04008,0.44104806,40.0
1,1652.0,3.7047918,180.0,12.0,3.4150264,300.0,763.6578,239.95145,0.1680261,40.0
1,1644.0,2.0743706,333.3608,-4.0,3.9840448,1129.6902,763.6578,239.95145,0.5044424,40.0
1,1696.0,2.931355,161.51056,-5.0,4.051161,1273.4991,762.7166,249.04008,0.33333334,40.0
1,1762.0,0.92740995,180.0,-8.0,4.7567043,3033.5623,774.91144,242.72476,0.5386503,40.0
1,1732.0,1.8543341,-0.0,7.0,4.7862263,997.2462,713.379,212.15216,0.37864557,40.0
1,1718.0,0.9303224,270.0,-4.0,5.670041,339.41125,713.379,212.15216,0.28037247,40.0
1,1745.0,1.8601602,270.0,-2.0,5.006325,1651.0906,713.379,212.15216,0.44558716,40.0
1,1737.0,1.8543341,-0.0,-2.0,4.7862263,1103.0865,713.379,212.15216,0.47611827,40.0
1,1789.0,0.92740995,180.0,-8.0,4.7567043,3372.966,669.65265,185.89183,0.25835204,40.0
1,1741.0,3.3435845,213.77391,-12.0,4.4325137,3330.5405,750.4868,222.71527,0.5896088,30.0
1,1796.0,0.92740995,-0.0,-10.0,4.7567043,4221.481,750.4868,222.71527,0.3234811,30.0
1,1801.0,3.8191946,345.9208,2.0,3.3849833,3218.9595,750.4868,222.71527,0.3714675,40.0
1,1763.0,3.8192048,165.92018,6.0,3.3849807,3756.2349,753.55304,218.2654,0.32604364,40.0
1,1731.0,3.34365,213.77559,2.0,3.9216688,3779.762,753.55304,218.2654,0.32997805,40.0
1,1717.0,3.830119,256.00742,-3.0,3.3821607,2779.0105,753.55304,218.2654,0.35787925,40.0
1,1702.0,3.343669,146.22392,5.0,3.516198,3305.0415,753.55304,218.2654,0.3543802,30.0
1,1480.0,6.2015343,153.36018,16.0,2.9035008,1972.2576,753.55304,218.2654,0.32045612,40.0
1,1445.0,6.4858284,90.0,8.0,2.8587127,1252.8368,650.98444,182.9908,0.32996702,40.0
1,1411.0,7.626446,283.99234,10.0,5.874435,240.0,650.98444,182.9908,0.33812767,40.0
1,1412.0,2.078431,116.49054,23.0,7.160194,94.86833,650.98444,182.9908,0.26724976,40.0
1,1456.0,3.3436728,326.22382,1.0,3.516197,810.0,650.98444,182.9908,0.28172204,40.0
1,1467.0,1.3135709,314.90714,0.0,4.425763,1380.0,598.258,161.24826,0.3197838,40.0
1,1474.0,2.6257434,45.092438,-5.0,4.1592035,1373.7904,598.258,161.24826,0.31232864,40.0
1,1432.0,2.7802885,180.0,1.0,3.6976516,330.0,650.98444,182.9908,0.368502,40.0
1,1433.0,1.3135877,45.093582,-1.0,4.831216,403.60873,598.258,161.24826,0.22505286,30.0
1,1528.0,2.0743856,153.35997,-9.0,3.9840379,560.4462,597.91626,152.84787,0.28171825,30.0
1,1518.0,0.93045485,270.0,11.0,5.1590815,488.36462,597.91626,152.84787,0.21619792,40.0
1,1562.0,3.3436723,33.77616,-14.0,3.516197,1955.7607,597.91626,152.84787,0.42785823,40.0
1,1550.0,4.7333145,101.27415,9.0,3.172465,1412.8694,598.258,161.24826,0.33036378,40.0
1,1553.0,1.8543341,180.0,-10.0,4.498544,1170.0,598.258,161.24826,0.33135694,40.0
1,1751.0,1.3135093,314.90982,0.0,4.425808,4239.4575,595.6812,164.96144,0.34483144,40.0
1,1652.0,0.92740995,180.0,4.0,6.009467,2850.158,626.49506,139.94673,0.2714965,40.0
1,1757.0,4.7328444,258.7247,2.0,3.1725636,4269.0747,595.6812,164.96144,0.394833,40.0
1,1782.0,7.4584436,277.10287,-4.0,2.718747,3769.0317,626.49506,139.94673,0.3201263,40.0
1,1601.0,4.6418815,270.0,0.0,4.4445853,2788.8708,595.6812,164.96144,0.3002129,40.0
1,1592.0,2.0782666,296.4928,5.0,5.4862947,3313.201,595.6812,164.96144,0.24574459,40.0
1,1587.0,2.93877,251.61937,-2.0,4.0486784,2718.2715,611.82916,155.64297,0.33286437,40.0
1,1589.0,1.3135166,314.90952,9.0,4.831268,3150.5713,611.82916,155.64297,0.3082355,40.0
1,1582.0,2.074334,333.36282,-7.0,5.236825,2253.1978,595.6812,164.96144,0.32540274,40.0
1,1581.0,2.0782466,296.49307,3.0,5.2349896,2225.0618,595.6812,164.96144,0.29591197,40.0
1,1604.0,4.1510506,243.507,3.0,4.5553393,2932.6438,595.6812,164.96144,0.3263182,40.0
1,1646.0,2.938753,288.38074,4.0,4.7418313,3368.1597,611.82916,155.64297,0.29061007,40.0
1,1684.0,6.740714,254.10234,2.0,2.8201547,3517.172,611.82916,155.64297,0.3040453,40.0
1,1567.0,1.8543341,180.0,1.0,5.9648814,2813.2898,611.82916,155.64297,0.21669379,40.0
1,1554.0,2.9313614,161.51018,2.0,5.660597,2505.6736,611.82916,155.64297,0.19565779,40.0
1,1561.0,2.0783238,116.49201,-8.0,3.9821904,1859.5161,611.82916,155.64297,0.27045223,40.0
1,1520.0,7.625906,256.00665,-10.0,5.8319464,1315.9027,611.82916,155.64297,0.2547538,40.0
1,1562.0,2.0743442,206.63774,3.0,5.688805,2283.1558,611.82916,155.64297,0.29023212,40.0
1,1573.0,4.143268,206.63785,-6.0,3.3044338,1934.9419,611.82916,155.64297,0.2537917,40.0
1,1555.0,2.7802885,180.0,-4.0,4.7962637,1848.3506,669.65265,185.89183,0.35009542,40.0
1,1525.0,3.7047918,180.0,4.0,4.8013206,1376.4083,669.65265,185.89183,0.32663378,40.0
1,1491.0,0.930381,90.0,-7.0,4.753691,361.24783,669.65265,185.89183,0.23630011,40.0
1,1759.0,4.6368093,233.21794,1.0,3.886054,3132.092,750.4868,222.71527,0.5031076,30.0
1,1708.0,1.3135434,45.09166,-1.0,6.91069,1812.4569,762.7166,249.04008,0.38204172,30.0
1,1736.0,5.404712,300.8836,17.0,3.4460816,2860.5593,762.7166,249.04008,0.46514988,40.0
1,1690.0,5.6408467,279.4329,2.0,2.9980283,573.1492,762.7166,249.04008,0.39995143,40.0
1,1668.0,4.6367497,306.78262,2.0,3.1929197,573.1492,762.7166,249.04008,0.4126649,40.0
1,1778.0,6.722825,344.0068,11.0,2.822814,4591.6665,595.6812,164.96144,0.23526303,30.0
1,1608.0,3.7165906,270.0,6.0,3.4118862,2634.0273,611.82916,155.64297,0.2521571,40.0
1,1581.0,3.819198,194.0794,-2.0,3.3849823,1863.867,610.9868,150.14279,0.3053391,40.0
1,1549.0,4.151266,243.5085,-1.0,4.218816,2058.6646,610.9868,150.14279,0.3433638,40.0
1,1544.0,0.92740995,180.0,13.0,5.1621695,1294.1793,604.7913,157.75261,0.34208825,40.0
1,1557.0,2.625722,134.90804,-2.0,3.7537465,870.0,620.0593,128.74336,0.2653865,40.0
1,1565.0,2.9313653,198.49005,7.0,3.6456923,872.0665,620.0593,128.74336,0.27258766,40.0
1,1555.0,2.9388828,288.3799,1.0,3.6431756,720.0,620.0593,128.74336,0.33538464,40.0
1,1554.0,2.93137,341.50967,-4.0,3.6456907,882.3265,620.0593,128.74336,0.533123,40.0
1,1552.0,1.3135478,134.90816,0.0,5.118927,680.14703,620.0593,128.74336,0.24924093,40.0
1,1555.0,3.7047918,180.0,-2.0,4.331317,1210.8262,620.0593,128.74336,0.2345506,40.0
1,1587.0,3.8191965,165.92068,7.0,3.790448,997.2462,620.0593,128.74336,0.23889145,40.0
1,1602.0,0.0,-0.0,0.0,7.6009026,450.0,620.0593,128.74336,0.3121885,30.0
1,1598.0,2.9313552,161.51054,-5.0,3.6456957,169.70563,620.0593,128.74336,0.24579296,40.0
1,1604.0,2.6256557,45.090527,0.0,3.7537713,1230.3658,620.0593,128.74336,0.3563963,40.0
1,1604.0,0.9303407,90.0,-6.0,5.159197,1647.5436,627.7411,157.22562,0.2677054,40.0
1,1596.0,2.0782633,243.50716,-3.0,5.080831,1440.0,627.7411,157.22562,0.2668755,40.0
1,1646.0,4.7328615,281.27524,4.0,5.423852,2270.7048,626.49506,139.94673,0.31901693,40.0
1,1722.0,3.9349926,314.91022,3.0,3.3554583,3060.147,626.49506,139.94673,0.3028696,40.0
1,1712.0,0.9303156,270.0,0.0,5.670048,2656.9907,626.49506,139.94673,0.326601,40.0
1,1709.0,2.0743315,206.63705,9.0,4.6772103,3609.238,595.6812,164.96144,0.32319394,40.0
1,1620.0,2.9386866,251.61882,4.0,5.2526793,2818.2441,595.6812,164.96144,0.3996405,40.0
1,1796.0,1.8601724,270.0,-3.0,4.0900273,4405.2017,632.62286,176.06828,0.37036768,40.0
1,1803.0,0.0,-0.0,-2.0,7.6009026,3955.452,632.62286,176.06828,0.44246516,40.0
1,1632.0,4.9955153,111.73955,-2.0,4.823668,2079.327,632.62286,176.06828,0.41482732,40.0
1,1616.0,2.938706,71.61895,-5.0,3.643235,2001.9241,595.6812,164.96144,0.31783226,40.0
1,1465.0,0.9304351,90.0,4.0,4.7536364,570.0,650.98444,182.9908,0.21998037,40.0
1,1449.0,4.1433597,333.35962,5.0,3.3044121,966.0745,650.98444,182.9908,0.2626288,40.0
1,1530.0,3.93527,314.9062,-7.0,3.7608535,1502.6976,598.258,161.24826,0.3079968,30.0
1,1504.0,0.9304486,90.0,-2.0,4.7536225,1527.3507,598.258,161.24826,0.2334004,40.0
1,1556.0,3.8192148,14.080425,11.0,6.520472,1039.6635,597.91626,152.84787,0.367797,40.0
1,1553.0,1.3135905,314.90628,4.0,5.118896,1442.4978,604.7913,157.75261,0.3894737,40.0
1,1567.0,2.7802885,-0.0,-4.0,6.7180767,1235.8398,604.7913,157.75261,0.27565777,40.0
1,1536.0,1.3135949,225.0939,9.0,7.4461703,1500.0,604.7913,157.75261,0.24182509,80.0
1,1545.0,0.9304355,270.0,-1.0,7.749368,1018.23376,604.7913,157.75261,0.3891179,40.0
1,1542.0,0.92740995,-0.0,6.0,5.4498515,318.9044,604.7913,157.75261,0.21798563,30.0
1,1542.0,1.3135748,45.09302,-1.0,4.4257603,551.5433,604.7913,157.75261,0.2595057,30.0
1,1543.0,2.6257846,45.093334,-2.0,9.621607,30.0,604.7913,157.75261,0.29040146,30.0
1,1551.0,3.7047918,180.0,0.0,6.6136994,361.24783,632.4218,130.49615,0.4441798,30.0
1,1547.0,0.93040925,270.0,6.0,7.7740874,700.35706,632.4218,130.49615,0.28952262,30.0
1,1549.0,0.93042636,270.0,1.0,5.4467926,551.5433,632.4218,130.49615,0.32015532,40.0
1,1554.0,2.7802885,-0.0,5.0,3.6976516,445.98206,604.7913,157.75261,0.29703543,40.0
1,1562.0,1.3135821,314.90668,7.0,4.425755,1328.4954,604.7913,157.75261,0.33243367,40.0
1,1560.0,3.347857,303.604,2.0,3.9204297,1331.5404,604.7913,157.75261,0.30603647,40.0
1,1568.0,1.8603944,90.0,4.0,4.089912,1965.6296,604.7913,157.75261,0.24487244,40.0
1,1569.0,2.9390666,108.37871,5.0,4.048579,2575.9854,604.7913,157.75261,0.3031148,40.0
1,1566.0,2.931387,18.491306,3.0,3.6456852,1718.4004,632.4218,130.49615,0.32167065,40.0
1,1604.0,0.93035436,90.0,4.0,4.753718,1075.4069,620.0593,128.74336,0.35647798,40.0
1,1662.0,5.9249196,38.74753,11.0,4.201807,3120.577,626.49506,139.94673,0.2919909,40.0
1,1596.0,3.343592,146.2259,5.0,5.2209687,301.49628,610.9868,150.14279,0.43615726,40.0
1,1605.0,2.0743454,153.36218,3.0,5.2368197,891.9641,610.9868,150.14279,0.40654647,40.0
1,1645.0,1.3135182,134.90944,3.0,4.831267,1739.4827,610.9868,150.14279,0.25815868,40.0
1,1757.0,2.6256502,314.9096,-12.0,3.7537732,4427.923,626.49506,139.94673,0.25244775,30.0
1,1748.0,4.9955764,111.73927,17.0,3.5243726,4429.447,595.6812,164.96144,0.27336627,30.0
1,1703.0,4.995618,291.73907,8.0,3.1188993,3637.9253,611.82916,155.64297,0.31066164,40.0
1,1541.0,1.3135624,314.90753,1.0,4.4257693,466.6905,597.91626,152.84787,0.26176336,40.0
1,1563.0,2.6257305,225.09216,-14.0,3.7537434,1200.0,610.9868,150.14279,0.28434327,40.0
1,1562.0,0.92740995,180.0,-8.0,4.7567043,1315.2186,610.9868,150.14279,0.3687577,40.0
1,1558.0,1.8602904,270.0,2.0,4.783113,1890.0,610.9868,150.14279,0.28340125,40.0
1,1526.0,2.0743856,206.64003,-4.0,10.12715,161.55495,597.91626,152.84787,0.36245772,30.0
1,1520.0,0.93045735,90.0,1.0,5.8522263,296.98486,597.91626,152.84787,0.46881637,30.0
1,1543.0,1.8543341,180.0,1.0,4.093079,1166.9191,597.91626,152.84787,0.2599593,40.0
1,1549.0,2.0743861,26.640053,-7.0,4.6771846,1675.9773,597.91626,152.84787,0.18971062,40.0
1,1545.0,3.8301148,256.0074,-3.0,3.7876267,1452.4462,597.91626,152.84787,0.2839799,30.0
1,1577.0,2.6257877,225.0934,-2.0,3.753722,2281.7756,597.91626,152.84787,0.32309905,40.0
1,1555.0,4.642413,270.0,-1.0,3.8848557,2015.5892,598.258,161.24826,0.29132313,40.0
1,1556.0,2.7893298,270.0,7.0,3.6944654,1415.0972,598.258,161.24826,0.28787312,40.0
1,1486.0,0.92740995,180.0,-2.0,4.7567043,1560.0,598.258,161.24826,0.38303578,40.0
1,1562.0,4.719173,191.34496,5.0,3.5809,1982.9524,611.82916,155.64297,0.31207964,40.0
1,1577.0,5.9250026,218.74854,3.0,3.354495,2651.7354,611.82916,155.64297,0.37519038,40.0
1,1603.0,0.92740995,-0.0,-8.0,4.7567043,1290.0,610.9868,150.14279,0.27263826,40.0
1,1573.0,2.9388785,288.37994,-5.0,3.643177,1110.0,610.9868,150.14279,0.26727015,40.0
1,1570.0,0.0,-0.0,-1.0,9.305651,2429.8147,610.9868,150.14279,0.30778167,40.0
1,1565.0,1.3135457,225.09175,3.0,4.4257812,390.0,610.9868,150.14279,0.2708892,40.0
1,1570.0,3.3436127,146.22537,1.0,3.5162146,840.0,620.0593,128.74336,0.25581396,40.0
1,1558.0,2.0783412,116.49177,2.0,3.9821823,630.0,620.0593,128.74336,0.13189499,40.0
1,1553.0,0.0,-0.0,3.0,8.699514,816.08826,620.0593,128.74336,0.2104823,40.0
1,1557.0,2.7892241,90.0,-1.0,3.6945026,636.3961,620.0593,128.74336,0.2215452,40.0
1,1566.0,1.3135376,314.9086,-5.0,7.3161592,976.72925,621.24445,91.9427,0.2524823,40.0
1,1564.0,3.3476818,236.39401,-3.0,3.515016,690.0,621.24445,91.9427,0.25845352,40.0
1,1574.0,2.0743449,206.63779,-5.0,4.677204,810.0,621.24445,91.9427,0.20787948,40.0
1,1581.0,0.93035,90.0,-3.0,6.3631606,1200.375,620.0593,128.74336,0.3141783,40.0
1,1572.0,1.3135233,134.90923,4.0,6.5052395,577.0615,620.0593,128.74336,0.42262542,40.0
1,1582.0,0.93036044,90.0,0.0,5.4468594,1140.0,620.0593,128.74336,0.3338218,40.0
1,1612.0,1.3135304,314.9089,1.0,4.4257927,865.8522,620.0593,128.74336,0.27776754,40.0
1,1596.0,2.7891312,270.0,-6.0,3.6945353,212.13203,620.0593,128.74336,0.3089221,40.0
1,1596.0,0.9303547,90.0,4.0,5.159183,445.98206,620.0593,128.74336,0.30161914,40.0
1,1600.0,2.9313574,198.4896,-3.0,4.5619855,953.4149,620.0593,128.74336,0.37775645,40.0
1,1596.0,2.9313579,161.51039,4.0,5.350443,284.60498,610.9868,150.14279,0.45791602,40.0
1,1576.0,3.8301203,283.99258,-10.0,9.1888,90.0,745.95416,231.05583,0.16546439,80.0
1,1578.0,3.3436797,213.77635,2.0,5.125633,270.0,745.95416,231.05583,0.40500984,80.0
1,1576.0,4.984317,21.865444,3.0,4.5074444,630.0,745.95416,231.05583,0.20054944,80.0
1,1576.0,1.8543341,180.0,-6.0,6.2903037,450.0,745.95416,231.05583,0.49852118,80.0
1,1476.0,3.9349647,45.089367,0.0,5.7533603,870.0,611.83514,154.27658,0.37544543,30.0
1,1556.0,4.719156,191.34392,0.0,3.1754384,488.36462,622.1917,122.01419,0.33268622,40.0
1,1583.0,3.3434758,213.77112,-5.0,3.516255,1888.0942,622.1917,122.01419,0.43666172,40.0
1,1540.0,2.078081,243.50465,-4.0,4.387769,420.0,622.1917,122.01419,0.40167066,40.0
1,1655.0,5.2401786,45.088875,16.0,3.4768455,2392.8645,592.8851,133.22314,0.46974993,40.0
1,1636.0,4.7191567,348.65604,5.0,5.0472403,1806.2391,694.4406,211.00421,0.5684239,20.0
1,1756.0,4.6324873,143.04538,6.0,4.1101227,1781.909,841.79974,240.31903,0.43586984,40.0
1,1837.0,7.21874,309.71848,-16.0,2.7515187,2452.305,774.91144,242.72476,0.50446427,40.0
1,1866.0,3.8191798,14.078311,2.0,3.384987,3729.7854,774.91144,242.72476,0.22038352,40.0
1,1781.0,2.7802885,180.0,4.0,4.7962637,1655.1737,794.95044,236.36426,0.23164965,40.0
1,1618.0,5.929159,308.5707,-21.0,4.201093,954.82983,771.9932,235.81891,0.44506216,40.0
1,1641.0,2.9388008,108.38044,2.0,4.559494,1072.0541,771.9932,235.81891,0.3348455,40.0
1,1616.0,5.9291716,308.5706,-3.0,2.9483283,742.7651,771.9932,235.81891,0.33050507,40.0
1,1612.0,2.9313612,18.489807,-7.0,5.350442,1463.8647,771.9932,235.81891,0.27929965,30.0
1,1607.0,4.1512184,116.49183,2.0,3.3025365,593.9697,771.9932,235.81891,0.35388267,40.0
1,1627.0,2.9388285,288.38025,8.0,3.643194,445.98206,771.9932,235.81891,0.31026787,40.0
1,1655.0,2.0743403,333.36246,-1.0,4.389524,2522.3203,771.9932,235.81891,0.25202057,40.0
1,1647.0,1.8601975,270.0,-8.0,5.188627,2910.1545,771.9932,235.81891,0.4365552,30.0
1,1626.0,0.93034893,270.0,-3.0,6.0064864,2969.8484,771.9932,235.81891,0.64416444,40.0
1,1640.0,3.8298435,256.00638,2.0,3.3822317,2339.6152,771.9932,235.81891,0.50171584,40.0
1,1672.0,2.6255717,225.0887,2.0,4.44695,2312.3364,796.88293,243.58267,0.32796782,30.0
1,1675.0,3.9349344,314.91107,8.0,3.3554728,2814.4094,796.88293,243.58267,0.39075464,40.0
1,1655.0,1.8543341,180.0,-5.0,4.093079,3218.9595,796.88293,243.58267,0.30275884,40.0
1,1641.0,1.8600897,270.0,1.0,4.495536,2886.3992,796.88293,243.58267,0.28843153,40.0
1,1687.0,2.9313385,341.51154,-4.0,4.0511665,3226.2207,796.88293,243.58267,0.20734765,30.0
1,1581.0,2.7802885,-0.0,-2.0,5.201729,2385.33,610.4297,169.07562,0.27166548,40.0
1,1684.0,2.93924,108.37759,6.0,3.6430564,3597.6243,610.4297,169.07562,0.37495804,40.0
1,1675.0,1.8605367,270.0,-10.0,4.0898376,3479.224,641.20184,183.36752,0.45955002,40.0
1,1658.0,2.074412,26.641485,2.0,4.3894906,4276.6577,641.20184,183.36752,0.2199017,40.0
1,1584.0,3.3437173,326.2227,-5.0,4.209331,3964.0889,641.20184,183.36752,0.2494425,40.0
1,1564.0,1.8604155,270.0,0.0,4.4953656,1884.0382,632.4218,130.49615,0.34535238,40.0
1,1553.0,1.3135921,225.09378,2.0,5.812042,865.8522,632.4218,130.49615,0.28505826,40.0
1,1555.0,1.3135768,45.09311,-3.0,4.425759,615.5485,632.4218,130.49615,0.3294173,40.0
1,1535.0,2.6258726,134.90474,1.0,6.5869036,941.54126,610.4297,169.07562,0.4434621,40.0
1,1537.0,2.0785475,296.48892,-4.0,6.815299,1041.3933,610.4297,169.07562,0.47320133,40.0
1,1534.0,4.1433887,153.35883,7.0,3.3044052,768.9603,610.4297,169.07562,0.45252705,40.0
1,1535.0,1.8604925,270.0,-7.0,4.0898604,563.6488,610.4297,169.07562,0.42074016,30.0
1,1524.0,1.8604785,270.0,-14.0,4.783015,1224.1323,603.1331,163.38403,0.1883893,40.0
1,1508.0,2.0744026,333.35904,-7.0,3.9840298,318.9044,603.1331,163.38403,0.21373802,40.0
1,1496.0,0.9304915,270.0,11.0,5.4467263,512.6402,603.1331,163.38403,0.21901958,40.0
1,1494.0,2.0744064,333.35883,3.0,4.677175,510.0,603.1331,163.38403,0.2778785,40.0
1,1489.0,3.3479948,56.39757,3.0,4.208071,360.0,603.1331,163.38403,0.25539073,40.0
1,1473.0,2.0785317,296.48914,12.0,4.387558,270.0,603.1331,163.38403,0.25741678,20.0
1,1498.0,3.81923,165.91867,-8.0,6.680811,381.83768,603.1331,163.38403,0.22670025,40.0
1,1626.0,3.8303223,103.99183,0.0,5.6334,3736.054,737.4444,213.46738,0.25593114,10.0
1,1640.0,0.92740995,180.0,-7.0,4.7567043,4562.072,737.4444,213.46738,0.22813392,40.0
0,1788.0,3.81915,14.076527,16.0,3.3849947,931.9335,720.9306,211.38249,0.3965765,30.0
0,1825.0,3.9346702,225.08508,1.0,3.355539,3818.6123,746.387,231.51605,0.2630183,40.0
0,1792.0,2.0779986,63.50352,1.0,4.8986335,2655.805,746.387,231.51605,0.37032074,30.0
0,1793.0,1.8543341,-0.0,-5.0,5.00937,2619.4656,746.387,231.51605,0.3025,20.0
0,1789.0,3.3472393,236.38896,0.0,4.6137586,2321.659,746.387,231.51605,0.36776814,40.0
0,1787.0,2.931304,341.51355,-9.0,4.744325,2117.286,746.387,231.51605,0.29757178,40.0
0,1781.0,4.1505475,296.49646,6.0,4.5554595,1830.9834,746.387,231.51605,0.32590592,40.0
0,1781.0,2.0779982,243.50351,-4.0,5.235106,1611.3658,746.387,231.51605,0.31840077,30.0
0,1777.0,4.732151,78.72304,-6.0,3.172709,1443.1216,746.387,231.51605,0.34791106,40.0
0,1779.0,2.931305,341.5135,0.0,3.6457126,1320.3408,746.387,231.51605,0.3434028,40.0
0,1776.0,3.3434048,326.2307,6.0,3.516276,1343.3168,746.387,231.51605,0.28918818,30.0
0,1777.0,1.3134066,45.085705,9.0,5.678646,1708.1569,746.387,231.51605,0.3100024,40.0
0,1781.0,2.9383123,251.6164,3.0,5.3481145,1961.0457,746.387,231.51605,0.29842284,30.0
0,1785.0,2.9383035,251.61633,0.0,5.3481174,2229.9104,746.387,231.51605,0.35141683,40.0
0,1784.0,1.8543341,-0.0,9.0,5.1916914,2174.1206,746.387,231.51605,0.31232157,40.0
0,1792.0,0.9301846,270.0,1.0,5.8525023,2589.4014,746.387,231.51605,0.3178711,40.0
0,1799.0,3.8191504,194.07655,-9.0,3.7904599,2884.5276,746.387,231.51605,0.4023077,40.0
0,1801.0,4.641147,270.0,4.0,3.5974443,3128.3542,746.387,231.51605,0.2640276,40.0
0,1802.0,1.3134009,134.91454,-6.0,4.831352,3185.2314,746.387,231.51605,0.4268771,40.0
0,1797.0,2.6254234,225.08546,1.0,4.159323,2912.9368,746.387,231.51605,0.36702356,40.0
0,1797.0,1.8543341,-0.0,-2.0,5.00937,2796.927,746.387,231.51605,0.44237036,40.0
0,1811.0,2.9382966,251.61629,-14.0,3.6433718,3710.7952,746.387,231.51605,0.25224227,30.0
0,1810.0,2.6254284,134.91443,-9.0,3.7538562,3662.7039,746.387,231.51605,0.24452811,40.0
0,1805.0,2.0779924,63.503433,-4.0,3.9823456,3399.6765,746.387,231.51605,0.25471312,40.0
0,1799.0,0.93018705,270.0,-5.0,5.159353,2978.926,746.387,231.51605,0.23153564,40.0
0,1788.0,4.7191405,168.657,5.0,3.5809069,3693.9004,746.387,231.51605,0.5401372,20.0
0,1780.0,4.6412096,90.0,-5.0,3.597431,3388.4067,746.387,231.51605,0.48191565,10.0
0,1768.0,9.212581,53.2128,-16.0,3.1991346,2873.1167,746.387,231.51605,0.4973027,20.0
0,1774.0,6.671861,123.6106,-1.0,3.2358937,3051.3113,746.387,231.51605,0.39316693,20.0
0,1763.0,9.952005,123.61046,-10.0,3.1209362,2595.9968,746.387,231.51605,0.3741584,20.0
0,1763.0,7.624691,103.99566,0.0,3.1020775,2554.9363,746.387,231.51605,0.43575418,20.0
0,1698.0,20.543428,72.39974,18.0,2.3651288,2340.1924,746.387,231.51605,0.49702027,20.0
0,1770.0,7.83275,45.086372,4.0,3.0750258,2543.1084,746.387,231.51605,0.4002066,20.0
0,1786.0,2.9313097,161.51321,8.0,3.645711,2779.6582,746.387,231.51605,0.4741652,20.0
0,1788.0,5.564147,90.0,-2.0,3.0116673,3136.8296,746.387,231.51605,0.42599964,20.0
0,1784.0,5.624034,9.490245,1.0,3.4064674,3304.0884,746.387,231.51605,0.3739367,20.0
0,1770.0,5.8473454,161.51347,-6.0,3.6553361,3271.2383,746.387,231.51605,0.4906008,20.0
0,1744.0,7.62456,103.9959,0.0,3.102095,2997.7493,746.387,231.51605,0.481775,20.0
0,1683.0,13.673446,126.7876,-2.0,3.0188668,2629.924,746.387,231.51605,0.5557534,10.0
0,1735.0,6.7227426,164.00928,-10.0,2.8228264,2832.896,746.387,231.51605,0.24408287,20.0
0,1714.0,21.603046,124.911476,-15.0,2.0224576,2742.4988,746.387,231.51605,0.4615536,20.0
0,1693.0,17.342953,81.053734,-11.0,4.156365,2576.5093,746.387,231.51605,0.40910745,20.0
0,1709.0,22.488619,30.65427,20.0,3.875255,2794.5125,746.387,231.51605,0.49989918,10.0
0,1757.0,7.0456758,66.86327,11.0,2.7758431,3174.4763,746.387,231.51605,0.49731958,10.0
0,1771.0,2.9313006,18.486252,9.0,4.051179,3669.9456,746.387,231.51605,0.43963936,20.0
0,1784.0,2.625422,45.085434,22.0,4.1593237,3907.493,746.387,231.51605,0.31542394,20.0
0,1792.0,9.080711,113.89914,6.0,2.5205622,4012.9417,746.387,231.51605,0.44434947,20.0
0,1753.0,8.257902,116.49676,-6.0,3.0218441,2518.035,746.387,231.51605,0.42195365,20.0
0,1767.0,2.625422,134.91457,9.0,3.7538586,2752.8167,746.387,231.51605,0.3590394,20.0
0,1778.0,5.239863,134.91458,5.0,3.0714405,2942.448,746.387,231.51605,0.4608835,20.0
0,1725.0,11.473539,151.31758,12.0,2.6883879,2604.995,746.387,231.51605,0.46553808,10.0
0,1646.0,13.908534,58.468994,-4.0,3.001215,2321.659,746.387,231.51605,0.4284677,20.0
0,1650.0,2.938344,251.6166,16.0,4.5596466,2648.339,746.387,231.51605,0.5695133,10.0
0,1636.0,9.776245,138.72876,21.0,4.2376204,2431.666,746.387,231.51605,0.39941046,20.0
0,1644.0,3.8292854,76.004295,2.0,4.76867,2227.4873,746.387,231.51605,0.52478784,20.0
0,1630.0,1.859928,90.0,-4.0,5.342918,1781.909,746.387,231.51605,0.41413486,20.0
0,1622.0,3.715932,90.0,10.0,4.9161386,1994.0411,746.387,231.51605,0.49684602,10.0
0,1620.0,5.8613467,108.38329,8.0,4.4638815,1909.1884,746.387,231.51605,0.33695325,20.0
0,1670.0,5.5641203,90.0,-1.0,4.264435,2821.4358,746.387,231.51605,0.39127517,20.0
0,1785.0,6.739765,105.89998,-8.0,3.5134425,2970.606,746.387,231.51605,0.3653231,20.0
0,1738.0,30.144705,149.7837,-65.0,2.4876716,2738.558,746.387,231.51605,0.42486566,20.0
0,1723.0,24.36061,75.507256,21.0,2.7360277,3021.5227,746.387,231.51605,0.43038425,10.0
0,1747.0,25.617502,113.89866,-41.0,2.119232,2863.861,746.387,231.51605,0.3945988,20.0
0,1749.0,5.861295,108.38346,18.0,3.6529598,3216.0225,746.387,231.51605,0.5426939,10.0
0,1783.0,1.3134041,134.9144,-1.0,4.4258847,890.9545,720.9306,211.38249,0.36127687,20.0
0,1779.0,2.077985,63.50333,9.0,3.9823492,1060.6602,720.9306,211.38249,0.41440886,30.0
0,1778.0,5.928419,128.57645,8.0,2.9484549,1379.0214,720.9306,211.38249,0.5259104,20.0
0,1793.0,2.0779824,63.503296,-8.0,3.9823503,900.0,720.9306,211.38249,0.2893426,30.0
0,1794.0,3.7158427,90.0,0.0,3.4120848,745.1846,720.9306,211.38249,0.37916407,30.0
0,1787.0,4.719139,191.34291,-9.0,3.175442,534.1348,720.9306,211.38249,0.26541486,30.0
0,1771.0,3.8191514,194.07661,4.0,3.3849945,361.24783,720.9306,211.38249,0.4686371,20.0
0,1758.0,6.484034,270.0,-8.0,2.8589892,597.7458,720.9306,211.38249,0.24260987,30.0
0,1765.0,5.9245663,321.25677,-13.0,3.3545685,780.5767,720.9306,211.38249,0.4022921,30.0
0,1763.0,5.547545,180.0,-9.0,6.65223,212.13203,720.9306,211.38249,0.3063399,20.0
0,1766.0,4.6411557,270.0,-1.0,3.1919773,450.9989,720.9306,211.38249,0.341362,30.0
0,1764.0,1.3134215,314.91364,3.0,4.4258723,1247.7981,720.9306,211.38249,0.40705353,40.0
0,1766.0,2.6254685,45.08645,2.0,4.159306,1514.3315,720.9306,211.38249,0.41203308,40.0
0,1760.0,2.0780232,63.503857,-4.0,4.3877964,842.14014,720.9306,211.38249,0.29100245,30.0
0,1776.0,2.0780268,296.4961,-2.0,5.3686237,1213.7957,746.387,231.51605,0.39558822,40.0
0,1770.0,0.93020386,270.0,-5.0,6.140165,807.21747,746.387,231.51605,0.2894789,30.0
0,1776.0,1.3134215,134.91365,-6.0,5.5244846,1317.953,746.387,231.51605,0.3636242,40.0
0,1780.0,0.92740995,180.0,-1.0,5.8553166,1780.8987,746.387,231.51605,0.391457,40.0
0,1785.0,1.8599211,270.0,-10.0,4.090159,1843.9631,746.387,231.51605,0.43558872,40.0
0,1783.0,2.625456,225.08618,0.0,3.7538457,1698.3816,746.387,231.51605,0.37599328,40.0
0,1780.0,2.0780168,296.49622,-3.0,4.6754813,1406.165,746.387,231.51605,0.3788876,40.0
0,1808.0,2.625452,314.9139,-2.0,3.7538474,3159.1296,746.387,231.51605,0.34454653,40.0
0,1805.0,0.9302056,270.0,-6.0,4.7538686,3019.884,746.387,231.51605,0.4033251,40.0
0,1796.0,2.93836,288.3833,0.0,3.6433506,2665.2766,746.387,231.51605,0.32950768,40.0
0,1792.0,4.6412425,270.0,0.0,3.8851058,2342.6907,746.387,231.51605,0.38724104,40.0
0,1786.0,2.0742764,333.366,7.0,4.677236,2096.1394,746.387,231.51605,0.42063218,40.0
0,1786.0,1.313421,225.08633,-10.0,5.5244846,2079.5432,746.387,231.51605,0.42360312,40.0
0,1691.0,5.9287567,308.57382,13.0,3.3538632,1682.4089,756.01904,223.40785,0.40743735,10.0
0,1754.0,4.641637,270.0,-2.0,3.5973396,2508.007,794.95044,236.36426,0.27104804,20.0
0,1725.0,0.93026334,270.0,4.0,5.1592755,900.0,756.01904,223.40785,0.4778725,10.0
0,1668.0,2.9313235,341.51242,4.0,3.6457064,283.01944,790.60474,227.21303,0.44136018,40.0
0,1664.0,5.5643477,270.0,-8.0,3.0116313,570.0,790.60474,227.21303,0.21999234,30.0
0,1592.0,3.82948,103.99498,12.0,3.3823256,660.0,812.3086,231.45877,0.32675597,20.0
0,1601.0,5.564402,270.0,-6.0,3.704769,618.4658,812.3086,231.45877,0.25161,30.0
0,1614.0,2.074282,206.63432,9.0,3.9840865,1484.9242,812.3086,231.45877,0.33711556,20.0
0,1638.0,2.625434,134.9143,-1.0,3.753854,3221.3352,797.48804,219.417,0.3306221,30.0
0,1729.0,2.074264,153.36667,2.0,4.3895597,3811.417,791.024,202.88454,0.5777212,10.0
0,1697.0,9.618536,106.6521,-11.0,3.378633,3565.4592,791.024,202.88454,0.5601399,20.0
0,1669.0,22.556602,128.57574,10.0,2.4856155,2532.1138,791.024,202.88454,0.6990688,10.0
0,1675.0,1.3133719,134.9158,-5.0,5.1190553,2082.7866,769.3494,186.89024,0.28814507,40.0
0,1672.0,2.9381623,251.61542,5.0,3.6434166,1566.046,769.3494,186.89024,0.3375434,30.0
0,1686.0,2.6253328,314.9165,2.0,3.7538917,2965.7546,769.3494,186.89024,0.29451427,10.0
0,1672.0,0.0,-0.0,-3.0,8.006368,3722.5396,769.3494,186.89024,0.34206474,40.0
0,1648.0,1.3133516,314.9167,4.0,5.11907,2644.2578,769.3494,186.89024,0.4361775,20.0
0,1644.0,0.9300963,90.0,8.0,5.67027,2105.3503,769.3494,186.89024,0.4849647,20.0
0,1646.0,2.9312742,341.5153,3.0,3.6457229,2388.7234,864.6236,198.31412,0.26309264,40.0
0,1649.0,4.1430383,333.36853,5.0,3.997636,3356.7842,864.6236,198.31412,0.40894684,20.0
0,1638.0,1.8597177,90.0,3.0,4.783412,4832.2354,864.6236,198.31412,0.45567146,40.0
0,1578.0,0.9301425,270.0,-5.0,6.3633704,1877.5782,853.72614,184.01015,0.2827315,40.0
0,1579.0,0.93014497,270.0,-6.0,6.363368,1741.551,853.72614,184.01015,0.4221845,30.0
0,1581.0,0.0,-0.0,-1.0,7.6009026,509.11688,853.42535,174.28186,0.34056288,40.0
0,1592.0,2.6252823,225.0824,-11.0,4.852523,1592.5452,853.42535,174.28186,0.4129108,30.0
0,1597.0,2.0777988,63.50077,1.0,5.368731,2015.366,853.42535,174.28186,0.42524272,20.0
0,1606.0,0.93006176,270.0,-7.0,4.7540145,2073.4753,841.6967,182.63712,0.5737568,20.0
0,1742.0,4.1430054,153.36943,-7.0,3.709962,990.45447,710.49506,168.38646,0.40465266,30.0
0,1811.0,15.090512,327.19052,0.0,2.0001016,1850.5404,710.49506,168.38646,0.44074568,20.0
0,1778.0,3.3432841,33.766193,3.0,3.5163114,2232.1292,706.96875,178.18127,0.40456226,20.0
0,1782.0,4.63217,216.94939,6.0,3.1939,1602.4044,697.333,204.48654,0.3107426,20.0
0,1793.0,1.3133501,225.08325,-5.0,5.342215,2823.9866,697.333,204.48654,0.28769383,40.0
0,1838.0,3.3470836,303.61282,5.0,3.5151923,3880.6829,697.333,204.48654,0.42068034,30.0
0,1842.0,0.0,-0.0,-3.0,7.6009026,4416.933,697.333,204.48654,0.2972579,30.0
0,1784.0,0.93008393,270.0,1.0,5.670283,2354.7612,706.96875,178.18127,0.29245698,30.0
0,2173.0,12.221246,77.04347,-11.0,2.2182631,4757.909,841.79974,240.31903,0.8400598,10.0
0,2176.0,8.690204,147.9159,-2.0,3.258094,3960.1135,841.79974,240.31903,0.8124155,10.0
0,2093.0,9.776458,138.72731,14.0,3.6986015,3931.0305,841.79974,240.31903,0.8124556,10.0
0,2052.0,20.145494,225.08759,-16.0,4.434071,3013.4697,805.8133,219.01735,0.80909544,10.0
0,2697.0,38.745945,134.91333,-15.0,0.9119645,6226.8613,841.79974,240.31903,0.6976484,10.0
0,2052.0,19.764095,71.61729,33.0,1.7139254,4234.678,841.79974,240.31903,0.84877276,10.0
0,2324.0,29.944973,122.26977,0.0,1.2429382,5757.5776,925.56116,230.97346,0.84977067,10.0
0,2346.0,37.3752,21.182198,37.0,1.6543411,6067.4956,925.56116,230.97346,0.7959871,10.0
0,2693.0,10.468845,322.0423,-10.0,2.376357,7054.8496,902.5543,238.02489,0.6692284,10.0
0,2275.0,22.054447,323.04764,-4.0,1.5942241,6190.4766,902.5543,238.02489,0.75146836,10.0
0,1763.0,5.3963766,328.9616,-4.0,3.9584436,2286.504,718.9636,199.14049,0.3294893,30.0
0,1625.0,4.641022,270.0,-2.0,3.597471,2397.1858,670.704,200.72351,0.2913002,20.0
0,1775.0,9.375092,168.65752,-5.0,2.8937635,2630.4373,673.04,186.17851,0.4280822,20.0
0,1651.0,5.9254103,321.24652,-1.0,2.9489613,2154.1587,658.63416,182.21928,0.611465,10.0
0,1636.0,2.074429,333.35757,-3.0,3.9840174,2698.166,704.1175,192.29636,0.55468005,10.0
0,1609.0,2.9314232,198.49344,-1.0,3.645673,2545.938,677.4077,185.38165,0.57281554,10.0
0,1640.0,5.3969584,148.9513,6.0,3.7351928,2258.5837,610.4297,169.07562,0.4296542,20.0
0,1674.0,5.9255056,141.24536,-7.0,2.9489453,2564.7808,687.23157,196.55284,0.5850191,10.0
0,1560.0,3.3482387,236.40034,-1.0,3.5148523,1474.8898,663.7811,170.75836,0.36049318,20.0
0,1544.0,4.734285,258.7282,-2.0,4.0885525,1961.0457,678.7735,173.83986,0.5094868,20.0
0,1604.0,3.3482935,123.59902,2.0,3.514836,3282.0876,761.1299,214.01933,0.38917926,20.0
0,1653.0,7.220036,50.290146,-5.0,2.7513387,2830.1943,656.6006,178.33446,0.48639736,10.0
0,1567.0,4.6373787,306.7768,-10.0,3.192785,1840.5435,656.6006,178.33446,0.34773666,20.0
0,1579.0,5.8634887,108.37629,-8.0,3.3649046,1951.6147,656.6006,178.33446,0.346441,20.0
0,1664.0,4.6372986,233.22247,-12.0,3.1928022,2958.4624,658.63416,182.21928,0.45776182,10.0
0,1601.0,3.8306694,256.00946,-1.0,3.3820186,2524.4604,677.4077,185.38165,0.4723373,20.0
0,1632.0,5.925433,141.24625,12.0,3.3544226,2190.2056,641.20184,183.36752,0.5205013,10.0
0,1578.0,7.943928,125.452515,-4.0,2.655389,1972.942,611.83514,154.27658,0.2352817,30.0
0,1550.0,2.074369,206.63911,11.0,6.1241117,1953.4585,645.7947,177.39412,0.27555805,20.0
0,1747.0,6.5402064,45.090725,7.0,3.5435114,3807.1643,669.65265,185.89183,0.3237691,40.0
0,1806.0,6.549919,81.895096,9.0,2.8488803,3098.2898,794.95044,236.36426,0.7314411,10.0
0,1746.0,7.046411,66.86586,17.0,4.3851767,3345.1008,794.95044,236.36426,0.53400147,10.0
0,1637.0,4.151319,116.491135,13.0,3.3025124,1963.1097,754.01855,236.79318,0.35758516,40.0
0,1641.0,9.205526,143.04254,23.0,2.912227,2486.3828,669.65265,185.89183,0.58223903,10.0
0,1627.0,7.0469046,66.86759,28.0,5.1270437,2976.0544,669.65265,185.89183,0.6488684,10.0
0,1662.0,12.223089,102.954475,-23.0,2.2181084,3030.594,669.65265,185.89183,0.55076927,10.0
0,1708.0,4.1512365,63.508293,7.0,3.707997,3510.0,669.65265,185.89183,0.6469488,10.0
0,1721.0,10.487794,105.208725,-21.0,3.9839556,4315.5186,669.65265,185.89183,0.6319445,10.0
0,1742.0,6.550175,81.89542,-9.0,3.765132,4269.0747,669.65265,185.89183,0.6239859,10.0
0,1746.0,2.931356,198.4895,3.0,4.8984585,1745.4226,750.4868,222.71527,0.537468,20.0
0,1782.0,3.8299117,256.00662,3.0,3.382214,3046.5881,750.4868,222.71527,0.4996228,40.0
0,1779.0,3.7047918,-0.0,-1.0,3.8204916,2375.879,750.4868,222.71527,0.57135886,20.0
0,1741.0,2.0743375,333.3626,-8.0,4.3895254,975.8074,713.379,212.15216,0.6069047,20.0
0,1752.0,0.9303256,90.0,-6.0,4.753747,1572.9272,713.379,212.15216,0.5277907,10.0
0,1754.0,2.6256328,134.90997,-5.0,4.852392,2344.8027,774.91144,242.72476,0.44276235,30.0
0,1752.0,3.343538,33.772713,-2.0,3.5162365,1985.6737,774.91144,242.72476,0.4539217,20.0
0,1721.0,4.9842315,21.862976,0.0,3.5266318,1197.7479,774.91144,242.72476,0.39652002,30.0
0,1658.0,6.464861,180.0,4.0,3.267415,1082.0813,771.7646,248.23418,0.3073843,40.0
0,1616.0,1.3135376,225.0914,-5.0,4.4257874,615.5485,771.7646,248.23418,0.43227118,40.0
0,1725.0,8.690496,32.08724,2.0,2.564913,1913.6614,771.7646,248.23418,0.39794824,30.0
0,1711.0,1.8543341,180.0,-11.0,4.093079,1812.4569,771.7646,248.23418,0.32238555,40.0
0,1689.0,2.938855,251.61992,5.0,4.3363323,1803.2471,771.7646,248.23418,0.3550479,40.0
0,1735.0,10.28968,100.27272,12.0,2.3939073,1018.23376,771.9932,235.81891,0.5335167,10.0
0,1791.0,11.17422,260.56693,-7.0,2.309923,1736.1163,796.88293,243.58267,0.49659348,10.0
0,1777.0,17.97355,233.21669,2.0,1.8158183,2535.133,794.95044,236.36426,0.7053942,20.0
0,1777.0,6.201402,333.36264,1.0,2.903522,2940.153,794.95044,236.36426,0.3154346,30.0
0,1793.0,23.839207,171.54677,-3.0,1.9130908,2294.5588,771.7646,248.23418,0.63394266,10.0
0,1810.0,7.0465946,66.8665,24.0,2.7757125,2863.861,794.95044,236.36426,0.63684815,10.0
0,1789.0,7.6255856,103.99396,-7.0,3.3896418,1744.133,774.91144,242.72476,0.6776257,20.0
0,1833.0,3.7047918,180.0,-9.0,3.8204916,2514.4583,794.95044,236.36426,0.5119068,20.0
0,1815.0,3.7047918,-0.0,6.0,4.331317,3600.9998,794.95044,236.36426,0.44823283,30.0
0,1871.0,12.895282,8.155052,-14.0,2.163067,2409.17,794.95044,236.36426,0.6238852,10.0
0,1851.0,2.62561,225.08954,5.0,3.7537882,4241.898,794.95044,236.36426,0.2729454,20.0
0,1810.0,9.268332,264.3071,-9.0,2.4998856,4354.5493,794.95044,236.36426,0.26339927,20.0
0,1716.0,4.732734,258.72446,-4.0,4.0888777,4164.817,796.88293,243.58267,0.37387237,20.0
0,1740.0,7.604727,14.078549,-13.0,2.6992457,4044.218,796.88293,243.58267,0.5345548,20.0
0,1670.0,4.719166,348.65546,2.0,3.1754363,3642.9932,796.88293,243.58267,0.4093009,20.0
0,1762.0,0.92740995,180.0,-8.0,4.7567043,3222.4524,774.91144,242.72476,0.42233506,40.0
0,1755.0,2.0782127,116.49354,-6.0,5.080855,2546.9983,632.62286,176.06828,0.35621193,30.0
0,1693.0,8.364437,83.67914,7.0,5.129196,1680.0,621.74994,188.50443,0.31678623,20.0
0,1670.0,8.503224,310.5144,6.0,3.2800298,1050.0,621.74994,188.50443,0.3480541,30.0
0,1726.0,6.6721983,123.608665,3.0,3.5235252,1590.0,718.2356,223.7315,0.53315026,20.0
0,1666.0,8.339703,6.359459,-4.0,3.299598,750.0,718.2356,223.7315,0.23319834,30.0
0,1731.0,3.3434937,326.22842,0.0,3.5162497,1774.0631,718.2356,223.7315,0.3776832,40.0
0,1723.0,2.9313335,18.488182,1.0,5.350451,1663.3099,632.62286,176.06828,0.33968058,40.0
0,1733.0,2.078165,243.50581,3.0,5.235028,2630.7793,632.62286,176.06828,0.36002177,40.0
0,1722.0,7.4528546,60.33155,-20.0,3.63579,1348.3323,632.62286,176.06828,0.48945832,20.0
0,1700.0,8.73341,18.488182,-21.0,3.4762335,690.0,595.6812,164.96144,0.3939624,30.0
0,1708.0,15.222915,287.30356,0.0,2.3964436,678.8225,595.6812,164.96144,0.4144985,20.0
0,1723.0,5.6404796,279.43353,-19.0,2.9980931,394.58838,626.49506,139.94673,0.38776723,20.0
0,1721.0,15.396561,208.14621,-12.0,2.384586,254.55844,626.49506,139.94673,0.5666471,20.0
0,1744.0,9.205229,216.95496,-29.0,2.5067947,381.83768,626.49506,139.94673,0.31940603,40.0
0,1652.0,2.938525,251.61777,-8.0,3.6432953,630.0,628.09436,191.40013,0.35123044,20.0
0,1636.0,5.4042735,300.88638,-10.0,3.4461625,657.95135,628.09436,191.40013,0.34370467,40.0
0,1829.0,3.3476398,56.393524,-4.0,3.9204936,3398.882,669.65265,185.89183,0.45181477,20.0
0,1741.0,10.137606,174.78938,13.0,3.1021802,2912.4731,632.62286,176.06828,0.4549499,30.0
0,1767.0,7.2148395,140.10654,-4.0,3.6683514,2736.5854,632.62286,176.06828,0.5971564,20.0
0,1778.0,2.0782363,296.49323,-6.0,4.6753783,3408.0054,632.62286,176.06828,0.36751837,20.0
0,1729.0,1.3134959,314.9104,-3.0,4.831283,1290.0,713.379,212.15216,0.39688534,20.0
0,1726.0,0.92740995,180.0,-1.0,6.009467,912.41437,713.379,212.15216,0.28131148,30.0
0,1734.0,1.3134934,314.91052,-4.0,4.831285,1800.0,713.379,212.15216,0.2730384,30.0
0,1474.0,2.9314682,18.49607,0.0,3.6456578,2296.1272,625.2271,158.30286,0.61960083,10.0
0,1449.0,4.9973097,248.26869,3.0,3.524028,1913.6614,680.9028,187.04178,0.4329897,10.0
0,1556.0,3.8309023,103.98966,7.0,3.3819585,1770.0,678.7735,173.83986,0.3388714,20.0
0,1614.0,7.8960495,69.50325,-9.0,3.0669334,2460.7317,611.83514,154.27658,0.49123034,10.0
0,1557.0,10.283779,116.493454,5.0,2.39449,840.0,618.3032,190.81038,0.4731369,20.0
0,1689.0,4.1430087,206.63066,10.0,3.3044958,2552.6458,672.8563,181.13632,0.3053863,20.0
0,1732.0,10.732411,20.037,-1.0,2.3510513,2700.0,687.17706,136.2081,0.5236295,20.0
0,1716.0,3.9346123,225.08424,-4.0,3.7610188,2310.1948,687.17706,136.2081,0.3764008,40.0
0,1648.0,3.3432798,213.76608,11.0,4.4326034,2216.3484,672.8563,181.13632,0.30547062,30.0
0,1597.0,7.9421425,305.4618,-3.0,3.0610802,2189.7944,701.4351,189.73444,0.36401674,40.0
0,1672.0,16.309061,109.387314,14.0,3.0173233,2727.1963,687.17706,136.2081,0.5533573,20.0
0,1631.0,3.3433661,146.2317,9.0,3.5162873,1369.5255,630.18134,119.90583,0.41454545,20.0
0,1705.0,0.93017834,270.0,-3.0,6.363334,2820.6382,670.704,200.72351,0.39211756,20.0
0,1586.0,0.92740995,-0.0,-5.0,5.8553166,1463.8647,670.704,200.72351,0.2882232,40.0
0,1657.0,1.8596247,270.0,1.0,6.0362234,2440.3484,710.49506,168.38646,0.31219956,40.0
0,1696.0,2.0742452,333.3677,-2.0,3.9841037,690.0,751.98224,191.77068,0.23512745,40.0
0,1663.0,4.7191305,191.34238,-2.0,4.7848816,1489.463,751.98224,191.77068,0.3873392,40.0
0,1481.0,2.07451,206.6469,-3.0,3.9839792,2163.3308,632.1161,164.03036,0.64707696,10.0
0,1589.0,4.733951,281.2726,11.0,5.657238,2700.6665,677.4077,185.38165,0.5427405,20.0
0,1597.0,5.405497,120.87859,6.0,4.4267664,2050.7803,704.1175,192.29636,0.6381182,10.0
0,1569.0,8.733529,161.50945,2.0,2.5599291,1060.6602,597.91626,152.84787,0.37811798,30.0
0,1503.0,5.565713,270.0,-5.0,3.011387,1680.0,598.258,161.24826,0.27204034,20.0
0,1553.0,0.92740995,-0.0,-5.0,4.7567043,690.0,598.258,161.24826,0.3067024,30.0
0,1545.0,1.3135905,134.9063,-3.0,5.118896,1800.0,597.91626,152.84787,0.35639757,30.0
0,1555.0,3.830025,256.00705,-9.0,3.382185,1018.23376,611.82916,155.64297,0.29685187,20.0
0,1509.0,9.213764,53.218395,-6.0,2.5058575,1033.1505,611.82916,155.64297,0.35556084,20.0
0,1529.0,9.46922,330.8669,-6.0,2.4781868,390.0,611.82916,155.64297,0.33848315,20.0
0,1492.0,2.0743759,206.63948,-4.0,4.6771894,540.0,598.258,161.24826,0.37761378,20.0
0,1478.0,9.195146,180.0,-1.0,2.5079029,570.0,598.258,161.24826,0.45518577,20.0
0,1437.0,2.7802885,180.0,3.0,4.1031165,540.0,650.98444,182.9908,0.2714094,30.0
0,1413.0,1.3136139,314.90527,1.0,4.4257317,742.7651,635.2611,166.92418,0.63776493,10.0
0,1423.0,1.3136282,134.90466,-13.0,4.425721,402.49225,635.2611,166.92418,0.5552744,10.0
0,1426.0,4.143405,333.35837,2.0,3.3044012,750.0,635.2611,166.92418,0.6862933,10.0
0,1621.0,5.624083,9.493257,6.0,3.0009937,1812.4569,610.4297,169.07562,0.36227643,20.0
0,1594.0,2.7895634,270.0,-4.0,4.7929955,1955.7607,610.4297,169.07562,0.4622018,20.0
0,1563.0,2.074361,206.63869,-6.0,3.9840493,948.6833,621.24445,91.9427,0.26930892,40.0
0,1637.0,14.694312,111.738716,-33.0,2.0278401,1410.0,621.24445,91.9427,0.30610526,20.0
0,1589.0,3.3435783,146.22624,11.0,3.5162246,2087.1033,621.24445,91.9427,0.33774287,40.0
0,1606.0,36.74573,204.40886,-45.0,1.9002992,1590.283,634.1359,146.42865,0.46650276,20.0
0,1658.0,20.32363,118.73532,-36.0,1.6836762,2144.1082,634.1359,146.42865,0.31992456,30.0
0,1609.0,15.458004,93.35589,-3.0,1.9749541,1200.0,634.1359,146.42865,0.48623854,20.0
0,1623.0,20.807487,70.07543,8.0,1.6580666,1612.2035,620.0593,128.74336,0.46784565,20.0
0,1700.0,8.690475,212.087,-1.0,2.5649154,2668.6514,610.9868,150.14279,0.3307849,20.0
0,1825.0,19.27181,111.73931,1.0,1.7411345,3807.637,626.49506,139.94673,0.26180503,30.0
0,1734.0,4.143265,153.36226,4.0,3.7099,3558.0051,610.9868,150.14279,0.31067476,40.0
0,1735.0,10.7327,200.04134,-6.0,2.351024,4136.629,611.82916,155.64297,0.34220278,20.0
0,1842.0,20.421242,-0.0,16.0,1.6784699,2312.3364,626.49506,139.94673,0.39764133,30.0
0,1744.0,5.404485,120.88505,0.0,3.4461236,1544.3445,626.49506,139.94673,0.44492674,20.0
0,1662.0,5.9248924,141.2528,-4.0,2.9490485,740.9453,627.7411,157.22562,0.36351013,40.0
0,1771.0,21.325104,138.27814,11.0,2.0366669,2739.051,627.7411,157.22562,0.49838606,20.0
0,1608.0,7.046504,293.13382,10.0,2.7757254,1320.0,592.8851,133.22314,0.45351252,40.0
0,1601.0,3.347538,123.607635,6.0,3.5150585,2005.5173,592.8851,133.22314,0.4470669,20.0
0,1618.0,2.93922,71.622284,5.0,3.643063,1205.9851,658.63416,182.21928,0.5666164,10.0
0,1585.0,2.9391093,71.62157,-1.0,3.6431,657.95135,652.56104,150.73811,0.49692595,10.0
0,1590.0,12.841609,94.07211,17.0,2.1673627,2005.5173,647.05115,161.81148,0.46237826,20.0
0,1628.0,11.073332,155.48445,3.0,2.3191776,2312.3364,621.6111,146.62825,0.46312937,10.0
0,1663.0,11.073304,24.515219,-2.0,2.3191803,2333.4524,621.6111,146.62825,0.34719104,20.0
0,1711.0,7.215262,219.89752,-10.0,2.752002,4131.4043,645.7947,177.39412,0.45699185,20.0
0,1683.0,14.950683,194.0802,6.0,2.4152803,3512.5632,646.05927,184.97876,0.54077595,10.0
0,1610.0,6.2014813,26.638842,-11.0,2.9035094,3755.2764,628.167,184.12024,0.32447553,20.0
0,1631.0,14.783565,317.39804,9.0,2.021533,2827.8083,628.167,184.12024,0.5563183,20.0
0,1608.0,8.503976,130.51003,7.0,2.9922588,2841.144,628.167,184.12024,0.39477596,20.0
0,1611.0,11.200772,304.9065,-2.0,2.7129655,1506.5856,628.167,184.12024,0.52793056,20.0
0,1627.0,13.05099,347.8682,0.0,2.150698,1816.1772,611.83514,154.27658,0.55688983,10.0
0,1626.0,7.031773,23.26907,-28.0,2.7778223,4293.7744,661.9015,182.92976,0.3548639,20.0
0,1550.0,7.9452085,305.44586,-12.0,3.060692,2998.7998,663.7811,170.75836,0.4256015,10.0
0,1625.0,5.8475842,198.49358,-9.0,2.9621482,3629.008,661.9015,182.92976,0.3877095,10.0
0,1639.0,6.6735125,56.398903,4.0,2.830181,2916.0247,610.4297,169.07562,0.49360612,10.0
0,1546.0,0.0,-0.0,-4.0,9.392662,1897.3666,610.4297,169.07562,0.38163173,20.0
0,1621.0,5.547545,180.0,1.0,3.0146437,3071.7422,610.4297,169.07562,0.49258366,20.0
0,1656.0,3.348093,56.398693,5.0,3.514895,2750.3635,610.4297,169.07562,0.58400476,10.0
0,1626.0,2.9393451,108.37691,-1.0,3.643021,1776.8512,687.23157,196.55284,0.5133281,20.0
0,1698.0,0.93049407,270.0,-8.0,4.7535768,2952.2195,757.74786,232.33414,0.3681578,20.0
0,1645.0,12.6846485,149.66054,-7.0,2.5854867,3336.615,757.74786,232.33414,0.6408723,20.0
0,1519.0,16.109364,128.06421,5.0,2.6248164,2190.0,757.74786,232.33414,0.54970056,20.0
0,1658.0,2.9392273,108.37767,-9.0,4.048526,2670.0,757.74786,232.33414,0.37753007,20.0
0,1527.0,13.451831,208.38081,5.0,2.8126204,2100.0,757.74786,232.33414,0.5888807,10.0
0,1636.0,2.0784738,296.48996,0.0,5.7738795,1060.6602,763.6578,239.95145,0.4610621,20.0
0,1661.0,3.3478715,303.60382,6.0,3.5149603,690.65186,753.55304,218.2654,0.32669985,40.0
0,1808.0,3.8300068,256.007,3.0,3.3821895,3886.2449,750.4868,222.71527,0.5460385,20.0
0,1704.0,3.3478305,303.6043,5.0,3.5149722,2235.5537,753.55304,218.2654,0.36709994,40.0
0,1668.0,1.8543341,180.0,5.0,5.00937,1148.2595,763.6578,239.95145,0.47443202,40.0
0,1659.0,5.925125,141.24997,-7.0,3.3544745,1710.2632,763.6578,239.95145,0.26841393,40.0
0,1653.0,1.3135481,225.09186,6.0,5.524392,1477.3286,771.7646,248.23418,0.3585879,30.0
0,1700.0,0.9303886,270.0,-3.0,5.4468307,680.14703,762.7166,249.04008,0.37831673,30.0
0,1689.0,3.3436084,326.22546,9.0,4.209363,1731.1846,762.7166,249.04008,0.2850407,40.0
0,1635.0,11.915509,112.554855,4.0,2.937389,636.3961,771.7646,248.23418,0.3391583,20.0
0,1618.0,10.47795,127.78539,14.0,3.0686202,1534.6986,745.95416,231.05583,0.35751,20.0
0,1628.0,13.08304,114.70442,3.0,2.5536342,1770.0,745.95416,231.05583,0.42653355,20.0
0,1624.0,2.9313858,341.50876,3.0,4.5619764,1920.0,745.95416,231.05583,0.33212796,40.0
0,1636.0,4.632784,323.0405,-11.0,3.1937685,300.0,763.6578,239.95145,0.30614325,20.0
0,1650.0,12.189048,166.96432,-27.0,2.2209702,2254.9944,753.55304,218.2654,0.61130744,10.0
0,1439.0,2.6258078,134.90616,5.0,4.6700053,1082.0813,650.98444,182.9908,0.43190664,10.0
0,1517.0,4.1512985,116.49128,6.0,4.218808,2809.128,669.65265,185.89183,0.4566446,40.0
0,1473.0,2.0783808,243.50877,3.0,4.3876286,1233.2883,669.65265,185.89183,0.30401924,20.0
0,1483.0,2.938895,108.37982,-4.0,4.048637,480.0,669.65265,185.89183,0.32140508,40.0
0,1536.0,1.3135368,134.90863,1.0,5.678551,1465.0939,669.65265,185.89183,0.3034633,40.0
0,1535.0,2.9388847,71.62011,-5.0,3.6431751,780.0,611.82916,155.64297,0.28346372,20.0
0,1570.0,9.916623,248.26141,-1.0,2.4314024,1166.9191,611.82916,155.64297,0.44776028,10.0
0,1589.0,3.3481736,123.60039,-6.0,5.6549373,1806.2391,677.4077,185.38165,0.47149643,20.0
0,1418.0,4.633287,323.0322,0.0,5.901711,1110.4053,680.9028,187.04178,0.3334642,20.0
0,1513.0,5.547545,-0.0,5.0,3.4201088,480.0,621.6111,146.62825,0.3758621,20.0
0,1504.0,2.7802885,-0.0,7.0,6.7657046,305.94116,618.3032,190.81038,0.34797734,20.0
0,1402.0,2.078506,63.510498,-3.0,3.982105,296.98486,635.2611,166.92418,0.7375755,10.0
0,1540.0,27.567545,172.85185,14.0,1.7466593,2054.288,753.55304,218.2654,0.5564885,20.0
0,1622.0,18.45819,165.9194,-33.0,2.4805636,2468.9473,753.55304,218.2654,0.62153965,10.0
0,1516.0,29.154076,154.1049,24.0,2.5278206,2482.0354,753.55304,218.2654,0.47397834,10.0
0,1605.0,19.910723,333.36005,-11.0,3.210008,2815.848,753.55304,218.2654,0.5846321,10.0
0,1665.0,16.003813,42.801613,-9.0,3.0371885,3034.1555,753.55304,218.2654,0.66847825,10.0
0,1700.0,8.339718,186.36043,11.0,3.011914,3816.7263,669.65265,185.89183,0.36228108,20.0
0,1618.0,9.195146,180.0,-20.0,2.913368,3180.0,669.65265,185.89183,0.4518591,20.0
0,1608.0,30.148949,125.82276,30.0,2.4875014,2300.6304,669.65265,185.89183,0.5001691,20.0
0,1670.0,11.200804,124.906395,-2.0,2.7129626,2562.85,669.65265,185.89183,0.6765243,10.0
0,1759.0,0.92740995,-0.0,7.0,5.672995,4741.5186,750.4868,222.71527,0.5960822,10.0
0,1814.0,2.0743535,333.36172,-6.0,3.984053,4032.0715,750.4868,222.71527,0.5470852,20.0
0,1552.0,12.222998,77.045425,-11.0,2.218116,342.0526,611.82916,155.64297,0.29906178,20.0
0,1496.0,8.339718,186.3604,31.0,2.6064491,750.0,611.82916,155.64297,0.31327432,30.0
0,1510.0,8.2593975,296.49152,21.0,3.3093438,726.2231,611.82916,155.64297,0.40466526,20.0
0,1553.0,2.931375,198.49062,-2.0,3.645689,1260.357,597.91626,152.84787,0.32961023,40.0
0,1555.0,0.0,-0.0,-10.0,7.6009026,488.36462,604.7913,157.75261,0.28379846,30.0
0,1536.0,2.0784452,63.50966,-1.0,3.9821334,1718.4004,598.258,161.24826,0.22066328,30.0
0,1549.0,9.213898,233.21902,10.0,2.5058427,1379.0214,597.91626,152.84787,0.32012194,30.0
0,1554.0,2.7892861,270.0,6.0,3.6944807,1110.0,597.91626,152.84787,0.3078431,40.0
0,1498.0,1.8543341,-0.0,-1.0,4.093079,1452.4462,598.258,161.24826,0.30363902,30.0
0,1419.0,2.939072,71.62132,-1.0,4.741725,403.60873,650.98444,182.9908,0.52564543,10.0
0,1633.0,3.3438256,213.78009,-4.0,3.921617,3367.6252,661.9015,182.92976,0.2898703,20.0
0,1610.0,4.1434603,333.35684,1.0,3.304388,1194.3617,687.23157,196.55284,0.4781845,10.0
0,1731.0,10.287986,259.72552,0.0,2.3940744,2670.1685,670.704,200.72351,0.36161944,20.0
0,1762.0,4.71917,348.6552,10.0,3.1754355,1930.5181,750.4868,222.71527,0.48613676,20.0
0,1636.0,2.0783963,243.50899,1.0,3.9821563,573.1492,763.6578,239.95145,0.4452418,40.0
0,1713.0,2.0783606,243.5085,0.0,4.387638,1113.2385,762.7166,249.04008,0.3374233,30.0
0,1779.0,3.8298867,103.99346,-21.0,3.7876856,2778.525,750.4868,222.71527,0.23831242,30.0
0,1776.0,1.3135222,314.90927,5.0,4.4257984,2844.7847,762.7166,249.04008,0.5537377,10.0
0,1734.0,4.9842577,158.13626,2.0,4.507456,2760.8152,774.91144,242.72476,0.28236663,20.0
0,1766.0,2.078239,63.506824,2.0,3.9822302,3424.865,774.91144,242.72476,0.2320877,20.0
0,1740.0,8.339711,173.63998,19.0,2.6064498,1271.3772,774.91144,242.72476,0.65974754,10.0
0,1747.0,6.722823,164.00685,0.0,3.5159614,1463.8647,794.95044,236.36426,0.49688783,10.0
0,1704.0,3.8191888,194.07887,9.0,4.3012753,1315.2186,771.7646,248.23418,0.5007776,10.0
0,1704.0,2.6256557,134.90947,8.0,5.6255736,1548.7091,771.7646,248.23418,0.30673856,30.0
0,1644.0,4.6326804,323.0422,-3.0,3.1937907,510.0,771.7646,248.23418,0.37191898,30.0
0,1643.0,2.9389331,251.62042,10.0,3.643159,1680.0,771.7646,248.23418,0.31052515,30.0
0,1618.0,4.1433253,153.36058,14.0,3.3044202,390.0,745.95416,231.05583,0.47316787,30.0
0,1641.0,4.1433454,26.63998,14.0,3.3044155,997.2462,763.6578,239.95145,0.4213749,40.0
0,1750.0,4.984302,201.86502,7.0,3.8142998,3278.7954,750.4868,222.71527,0.3414897,20.0
0,1608.0,7.031516,156.73586,1.0,2.777859,3242.2214,595.6812,164.96144,0.39159808,20.0
0,1624.0,0.93032134,270.0,-1.0,5.159217,2206.581,595.6812,164.96144,0.33432212,20.0
0,1578.0,2.6256642,134.90929,-6.0,5.8332095,2525.1733,611.82916,155.64297,0.36992326,20.0
0,1564.0,2.7802885,180.0,0.0,3.6976516,1629.9694,611.82916,155.64297,0.38572788,20.0
0,1707.0,17.1197,288.38068,2.0,2.2729726,3810.4724,611.82916,155.64297,0.40874812,10.0
0,1706.0,8.489644,192.56737,7.0,2.993959,3714.6736,611.82916,155.64297,0.34921578,20.0
0,1673.0,6.4851527,90.0,-1.0,2.8588169,2229.9104,610.9868,150.14279,0.4570243,10.0
0,1583.0,28.962349,159.38417,41.0,2.6692197,1757.7543,610.9868,150.14279,0.5082683,20.0
0,1570.0,14.208156,219.89491,22.0,4.5885477,1044.8445,610.9868,150.14279,0.40805817,20.0
0,1566.0,20.497417,342.29715,9.0,1.6744211,1260.0,610.9868,150.14279,0.42981315,20.0
0,1666.0,26.572496,103.094345,-16.0,3.1757317,1361.9471,627.7411,157.22562,0.37691796,20.0
0,1646.0,2.7890248,270.0,1.0,3.6945727,967.47095,627.7411,157.22562,0.34944037,20.0
0,1592.0,7.89629,69.50391,-3.0,3.0669029,848.52814,620.0593,128.74336,0.29991546,40.0
0,1686.0,10.7146015,300.88464,-10.0,2.3527427,1506.5856,817.2157,242.30457,0.43549237,20.0
0,1628.0,3.7162921,270.0,1.0,3.8174305,2114.7341,817.2157,242.30457,0.5088989,30.0
0,1649.0,4.636557,233.21559,2.0,3.1929607,3235.6917,796.88293,243.58267,0.35028246,20.0
0,1588.0,3.8192165,14.080526,0.0,3.3849776,2911.3914,604.7913,157.75261,0.35115072,20.0
0,1586.0,9.403116,78.726135,-9.0,2.485278,1660.8733,604.7913,157.75261,0.5580808,20.0
0,1571.0,18.273682,11.346162,4.0,1.7981533,1739.4827,597.91626,152.84787,0.40932047,20.0
0,1555.0,1.3135343,45.09126,-1.0,5.118937,2588.3586,621.24445,91.9427,0.24428031,30.0
0,1598.0,4.984306,21.865118,-7.0,3.121152,3532.3647,628.167,184.12024,0.29439944,20.0
0,1612.0,5.565104,90.0,-18.0,3.011496,2070.2173,628.167,184.12024,0.33581907,20.0
0,1505.0,1.8601588,270.0,7.0,4.0900345,630.0,611.83514,154.27658,0.23457584,30.0
0,1598.0,5.8617783,288.38187,0.0,2.9597304,1336.6002,611.83514,154.27658,0.27656955,40.0
0,1604.0,7.9358435,35.621998,5.0,2.656413,1879.4946,592.8851,133.22314,0.4469086,40.0
0,1848.0,32.269974,295.83725,31.0,1.1513163,2696.9983,841.79974,240.31903,0.62150383,20.0
0,1700.0,1.3133913,134.91496,-6.0,4.4258943,930.0,749.7033,216.59015,0.23890783,30.0
0,1629.0,1.3134022,45.08551,1.0,6.440789,2372.2773,797.48804,219.417,0.32017544,40.0
0,1651.0,5.8472776,341.51547,6.0,4.348495,3387.8755,679.5019,202.70377,0.48581836,40.0
0,1587.0,7.435977,7.145739,6.0,3.12724,1294.1793,678.56647,166.41734,0.19832636,20.0
0,1620.0,8.24329,153.36725,-4.0,3.0236275,2267.5317,626.6173,140.7237,0.6043145,20.0
0,1570.0,1.8598715,270.0,-1.0,4.0901847,600.0,630.18134,119.90583,0.4230436,40.0
0,1593.0,1.8543341,-0.0,-8.0,4.7862263,551.5433,630.18134,119.90583,0.6594258,20.0
0,1591.0,9.595006,16.747082,11.0,2.4648235,1221.188,614.0869,145.33093,0.5373571,20.0
0,1590.0,10.698804,211.03955,31.0,2.75971,1654.6299,666.61346,142.64655,0.47091526,20.0
0,1618.0,5.9254003,38.75336,0.0,2.948963,1443.1216,647.05115,161.81148,0.49657443,20.0
0,1641.0,4.1518135,243.51228,-2.0,3.7078595,1265.7014,677.4077,185.38165,0.54167825,20.0
0,1587.0,6.530345,188.15569,0.0,2.8518732,3240.0,621.24445,91.9427,0.47173554,20.0
0,1660.0,1.8600492,270.0,-3.0,6.4414673,2190.2056,694.4406,211.00421,0.61618257,20.0
0,1707.0,3.829517,103.99484,-2.0,4.0754633,1879.2551,694.4406,211.00421,0.4642688,30.0
0,1918.0,17.234478,95.99065,-31.0,2.5535777,3363.3464,841.79974,240.31903,0.5159664,20.0
0,1865.0,7.9357624,215.62117,5.0,3.572714,1528.8231,805.8133,219.01735,0.4931362,20.0
0,1827.0,8.243493,153.36438,15.0,4.227576,823.7718,805.8133,219.01735,0.7118841,20.0
0,1833.0,18.651772,305.13403,3.0,1.7762501,1021.7632,626.49506,139.94673,0.43319726,20.0
0,1769.0,11.173756,279.43347,10.0,2.3099654,1678.3921,626.49506,139.94673,0.3113721,20.0
0,1651.0,1.3135381,314.90857,-4.0,4.425787,381.83768,771.9932,235.81891,0.3048904,40.0
0,1686.0,6.213075,296.49277,-5.0,2.901644,2125.1353,771.9932,235.81891,0.38001707,30.0
0,1697.0,2.0781562,243.50569,-7.0,5.7740283,1314.8765,796.88293,243.58267,0.39747638,40.0
0,1703.0,8.258595,296.49432,3.0,3.5325851,1855.64,796.88293,243.58267,0.31476682,40.0
0,1746.0,9.063147,204.02975,-4.0,2.5225189,1120.0892,771.9932,235.81891,0.29643556,30.0
0,1668.0,10.699397,148.95505,5.0,3.2704794,1080.0,771.7646,248.23418,0.4089534,20.0
0,1691.0,1.3132865,225.08047,-5.0,4.4259706,2377.3936,733.26953,111.38094,0.38140082,20.0
0,1670.0,2.0741951,26.629534,2.0,4.389592,2999.55,733.26953,111.38094,0.4662034,20.0
0,1686.0,3.8291125,283.99634,6.0,4.0755677,2970.0,791.024,202.88454,0.27026683,40.0
0,1680.0,1.8598158,270.0,-1.0,4.090214,1677.051,791.024,202.88454,0.39545998,40.0
0,1655.0,3.3433735,326.2315,-4.0,3.5162852,636.3961,791.024,202.88454,0.4721108,20.0
0,1721.0,3.7047918,-0.0,-1.0,3.4150264,2485.659,791.024,202.88454,0.43415573,20.0
0,1710.0,1.8597986,90.0,-2.0,4.090223,3610.2354,769.3494,186.89024,0.2768296,20.0
0,1688.0,3.3471396,123.612175,15.0,4.4314666,3300.0,769.3494,186.89024,0.34761617,40.0
0,1660.0,3.3433528,33.767956,-2.0,3.5162911,1770.0,836.44116,207.78252,0.24110475,30.0
0,1683.0,1.3133854,45.08478,1.0,4.4258986,2556.345,749.7033,216.59015,0.30710775,20.0
0,1679.0,2.077953,243.5029,2.0,3.9823642,2702.6653,749.7033,216.59015,0.4302839,20.0
0,1716.0,2.0742705,206.63368,2.0,3.9840918,1716.5663,749.7033,216.59015,0.3149199,40.0
0,1710.0,1.3134121,314.91406,13.0,4.425879,2220.0,749.7033,216.59015,0.2559537,30.0
0,1675.0,2.0780032,63.50358,2.0,4.8986316,3785.3533,797.48804,219.417,0.4830046,10.0
0,1656.0,2.9383938,251.61693,-1.0,3.6433392,1905.1771,790.60474,227.21303,0.22355552,30.0
0,1639.0,2.9313154,198.48712,4.0,6.4490695,1100.2273,790.60474,227.21303,0.33870968,30.0
0,1701.0,3.343433,33.77001,-1.0,3.9217327,1699.441,756.01904,223.40785,0.26486862,40.0
0,1723.0,2.0742917,333.36514,-4.0,3.984082,1530.0,756.01904,223.40785,0.27801692,40.0
